/***************************************************
//Web: http://www.buydisplay.com
EastRising Technology Co.,LTD
****************************************************/

#include "imgs.h"

// 'irishat', 128x296px
const unsigned char irishsat_bitmap[] = {
	0x00, 0x00, 0x00, 0x00, 0x00, 0x00, 0x00, 0x00, 0x00, 0x00, 0x00, 0x00, 0x00, 0x00, 0x00, 0x00, 
	0x00, 0x00, 0x00, 0x00, 0x00, 0x07, 0xe0, 0x00, 0x00, 0x00, 0x00, 0x00, 0x00, 0x00, 0x00, 0x00, 
	0x00, 0x00, 0x00, 0x00, 0x00, 0x0f, 0xe0, 0x00, 0x00, 0x00, 0x00, 0x00, 0x00, 0x00, 0x00, 0x00, 
	0x00, 0x00, 0x00, 0x00, 0x00, 0x1f, 0xc0, 0x00, 0x00, 0x00, 0x00, 0x00, 0x00, 0x00, 0x00, 0x00, 
	0x00, 0x00, 0x00, 0x00, 0x00, 0x3f, 0x80, 0x00, 0x00, 0x00, 0x00, 0x00, 0x00, 0x00, 0x00, 0x00, 
	0x00, 0x00, 0x00, 0x00, 0x00, 0x3f, 0x00, 0x00, 0x00, 0x00, 0x00, 0x00, 0x00, 0x00, 0x00, 0x00, 
	0x00, 0x00, 0x00, 0x00, 0x00, 0x3f, 0x00, 0x00, 0x00, 0x00, 0x00, 0x00, 0x00, 0x00, 0x00, 0x00, 
	0x00, 0x00, 0x00, 0x00, 0x00, 0x3f, 0x00, 0x00, 0x00, 0x00, 0x00, 0x00, 0x00, 0x00, 0x00, 0x00, 
	0x00, 0x00, 0x00, 0x00, 0x00, 0x3f, 0x00, 0x00, 0x00, 0x00, 0x00, 0x00, 0x00, 0x00, 0x00, 0x00, 
	0x00, 0x00, 0x00, 0x00, 0x00, 0x3e, 0x00, 0x00, 0x00, 0x00, 0x00, 0x00, 0x00, 0x00, 0x00, 0x00, 
	0x00, 0x00, 0x00, 0x00, 0x00, 0x3e, 0x01, 0xff, 0x80, 0x00, 0x00, 0x00, 0x00, 0x00, 0x00, 0x00, 
	0x00, 0x00, 0x00, 0x00, 0x00, 0x3e, 0x03, 0xff, 0xf0, 0x00, 0x00, 0x00, 0x00, 0x00, 0x00, 0x00, 
	0x00, 0x00, 0x00, 0x00, 0x00, 0x3e, 0x03, 0xff, 0xfc, 0x00, 0x00, 0x00, 0x00, 0x00, 0x00, 0x00, 
	0x00, 0x00, 0x00, 0x00, 0x00, 0x3e, 0x03, 0xff, 0xff, 0x00, 0x00, 0x00, 0x00, 0x00, 0x00, 0x00, 
	0x00, 0x00, 0x00, 0x00, 0x00, 0x1f, 0x01, 0xff, 0xff, 0xc0, 0x00, 0x00, 0x00, 0x00, 0x00, 0x00, 
	0x00, 0x00, 0x00, 0x00, 0x00, 0x1f, 0x01, 0xff, 0xff, 0xf0, 0x00, 0x00, 0x00, 0x00, 0x00, 0x00, 
	0x00, 0x00, 0x00, 0x00, 0x00, 0x1f, 0x01, 0xff, 0xff, 0xf8, 0x00, 0x00, 0x00, 0x00, 0x00, 0x00, 
	0x00, 0x00, 0x00, 0x00, 0x00, 0x0f, 0x01, 0xff, 0xff, 0xfc, 0x00, 0x00, 0x00, 0x00, 0x00, 0x00, 
	0x00, 0x00, 0x00, 0x00, 0x00, 0x0f, 0x01, 0xff, 0xff, 0xfe, 0x00, 0x00, 0x00, 0x00, 0x00, 0x00, 
	0x00, 0x00, 0x00, 0x00, 0x00, 0x07, 0x81, 0xff, 0xff, 0xff, 0x00, 0x00, 0x00, 0x00, 0x00, 0x00, 
	0x00, 0x00, 0x00, 0x00, 0x00, 0x07, 0x80, 0xff, 0xff, 0xff, 0x80, 0x00, 0x00, 0x00, 0x00, 0x00, 
	0x00, 0x00, 0x00, 0x00, 0x04, 0x03, 0x80, 0xff, 0xff, 0xff, 0x80, 0x00, 0x00, 0x00, 0x00, 0x00, 
	0x00, 0x00, 0x00, 0x00, 0x0e, 0x03, 0xc0, 0xff, 0xff, 0xff, 0xc0, 0x00, 0x00, 0x00, 0x00, 0x00, 
	0x00, 0x00, 0x00, 0x00, 0x1e, 0x01, 0xc0, 0xff, 0xff, 0xff, 0xe0, 0x00, 0x00, 0x00, 0x00, 0x00, 
	0x00, 0x00, 0x00, 0x00, 0x1f, 0x01, 0xc0, 0x7f, 0xff, 0xff, 0xe0, 0x00, 0x00, 0x00, 0x00, 0x00, 
	0x00, 0x00, 0x00, 0x00, 0x3f, 0x00, 0xe0, 0x7f, 0xff, 0xff, 0xf0, 0x00, 0x00, 0x00, 0x00, 0x00, 
	0x00, 0x00, 0x00, 0x00, 0x3f, 0x80, 0xe0, 0x7f, 0xff, 0xff, 0xf0, 0x00, 0x00, 0x00, 0x00, 0x00, 
	0x00, 0x00, 0x00, 0x00, 0x3f, 0xc0, 0x70, 0x7f, 0xff, 0xff, 0xf0, 0x00, 0x00, 0x00, 0x00, 0x00, 
	0x00, 0x00, 0x00, 0x00, 0x7f, 0xc0, 0x70, 0x7f, 0xff, 0xff, 0xf8, 0x00, 0x00, 0x00, 0x00, 0x00, 
	0x00, 0x00, 0x00, 0x00, 0x7f, 0xe0, 0x30, 0x3f, 0xff, 0xff, 0xf8, 0x00, 0x00, 0x00, 0x00, 0x00, 
	0x00, 0x00, 0x00, 0x00, 0x7f, 0xf0, 0x18, 0x3f, 0xff, 0xff, 0xf8, 0x00, 0x00, 0x00, 0x00, 0x00, 
	0x00, 0x00, 0x00, 0x00, 0x7f, 0xf8, 0x18, 0x3f, 0xff, 0xff, 0xf8, 0x00, 0x00, 0x00, 0x00, 0x00, 
	0x00, 0x00, 0x00, 0x00, 0x7f, 0xf8, 0x0c, 0x1f, 0xff, 0xff, 0xfc, 0x00, 0x00, 0x00, 0x00, 0x00, 
	0x00, 0x00, 0x00, 0x00, 0xff, 0xfc, 0x04, 0x1f, 0xff, 0xff, 0xfc, 0x00, 0x00, 0x00, 0x00, 0x00, 
	0x00, 0x00, 0x00, 0x00, 0xff, 0xfe, 0x02, 0x0f, 0xff, 0xff, 0xfc, 0x00, 0x00, 0x00, 0x00, 0x00, 
	0x00, 0x00, 0x00, 0x00, 0xff, 0xfe, 0x00, 0x0f, 0xff, 0xff, 0xfc, 0x00, 0x00, 0x00, 0x00, 0x00, 
	0x00, 0x00, 0x00, 0x00, 0xff, 0xff, 0x00, 0x07, 0xff, 0xff, 0xfc, 0x00, 0x00, 0x00, 0x00, 0x00, 
	0x00, 0x00, 0x00, 0x00, 0xff, 0xff, 0x80, 0x07, 0xff, 0xff, 0xfc, 0x00, 0x00, 0x00, 0x00, 0x00, 
	0x00, 0x00, 0x00, 0x00, 0xff, 0xff, 0xc0, 0x03, 0xff, 0xff, 0xfc, 0x00, 0x00, 0x00, 0x00, 0x00, 
	0x00, 0x00, 0x00, 0x00, 0xff, 0xff, 0xe0, 0x03, 0xff, 0xff, 0xfc, 0x00, 0x00, 0x00, 0x00, 0x00, 
	0x00, 0x00, 0x00, 0x00, 0xff, 0xff, 0xf0, 0x01, 0xff, 0xff, 0xfc, 0x00, 0x00, 0x00, 0x00, 0x00, 
	0x00, 0x00, 0x00, 0x00, 0x7f, 0xff, 0xf8, 0x01, 0xff, 0xff, 0xfc, 0x00, 0x00, 0x00, 0x00, 0x00, 
	0x00, 0x00, 0x00, 0x00, 0x7f, 0xff, 0xfc, 0x00, 0xff, 0xff, 0xf8, 0x00, 0x00, 0x00, 0x00, 0x00, 
	0x00, 0x00, 0x00, 0x00, 0x7f, 0xff, 0xfe, 0x00, 0xff, 0xff, 0xf8, 0x00, 0x00, 0x00, 0x00, 0x00, 
	0x00, 0x00, 0x00, 0x00, 0x7f, 0xff, 0xff, 0x00, 0x7f, 0xff, 0xf8, 0x00, 0x00, 0x00, 0x00, 0x00, 
	0x00, 0x00, 0x00, 0x00, 0x3f, 0xff, 0xff, 0x80, 0x7f, 0xff, 0xf8, 0x00, 0x00, 0x00, 0x00, 0x00, 
	0x00, 0x00, 0x00, 0x00, 0x3f, 0xff, 0xff, 0xe0, 0x3f, 0xff, 0xf0, 0x00, 0x00, 0x00, 0x00, 0x00, 
	0x00, 0x00, 0x00, 0x00, 0x3f, 0xff, 0xff, 0xf0, 0x3f, 0xff, 0xf0, 0x00, 0x00, 0x00, 0x00, 0x00, 
	0x00, 0x00, 0x00, 0x00, 0x1f, 0xff, 0xff, 0xf8, 0x1f, 0xff, 0xe0, 0x00, 0x00, 0x00, 0x00, 0x00, 
	0x00, 0x00, 0x00, 0x00, 0x1f, 0xff, 0xff, 0xfc, 0x0f, 0xff, 0xe0, 0x00, 0x00, 0x00, 0x00, 0x00, 
	0x00, 0x00, 0x00, 0x00, 0x1f, 0xff, 0xff, 0xfe, 0x0f, 0xff, 0xe0, 0x00, 0x00, 0x00, 0x00, 0x00, 
	0x00, 0x00, 0x00, 0x00, 0x0f, 0xff, 0xff, 0xff, 0x87, 0xff, 0xc0, 0x00, 0x00, 0x00, 0x00, 0x00, 
	0x00, 0x00, 0x00, 0x00, 0x07, 0xff, 0xff, 0xff, 0xc3, 0xff, 0x80, 0x00, 0x00, 0x00, 0x00, 0x00, 
	0x00, 0x00, 0x00, 0x00, 0x03, 0xff, 0xff, 0xff, 0xf9, 0xff, 0x80, 0x00, 0x00, 0x00, 0x00, 0x00, 
	0x00, 0x00, 0x00, 0x00, 0x03, 0xff, 0xff, 0xff, 0xff, 0xff, 0x00, 0x00, 0x00, 0x00, 0x00, 0x00, 
	0x00, 0x00, 0x00, 0x00, 0x01, 0xff, 0xff, 0xff, 0xff, 0xfe, 0x00, 0x00, 0x00, 0x00, 0x00, 0x00, 
	0x00, 0x00, 0x00, 0x00, 0x00, 0xff, 0xff, 0xff, 0xff, 0xfc, 0x00, 0x00, 0x00, 0x00, 0x00, 0x00, 
	0x00, 0x00, 0x00, 0x00, 0x00, 0x3f, 0xff, 0xff, 0xff, 0xf0, 0x00, 0x01, 0xc0, 0x00, 0x00, 0x00, 
	0x00, 0x00, 0x00, 0x00, 0x00, 0x1f, 0xff, 0xff, 0xff, 0xe0, 0x00, 0x0f, 0xc0, 0x00, 0x00, 0x00, 
	0x00, 0x00, 0x00, 0x00, 0x00, 0x0f, 0xff, 0xff, 0xff, 0xc0, 0x00, 0x7f, 0xc0, 0x00, 0x00, 0x00, 
	0x00, 0x00, 0x00, 0x00, 0x00, 0x03, 0xff, 0xff, 0xff, 0x00, 0x03, 0xff, 0xc0, 0x00, 0x00, 0x00, 
	0x00, 0x00, 0x00, 0x00, 0x00, 0x01, 0xff, 0xff, 0xfe, 0x00, 0x1f, 0xff, 0xe0, 0x00, 0x00, 0x00, 
	0x00, 0x00, 0x00, 0x00, 0x00, 0x00, 0x3f, 0xff, 0xf8, 0x00, 0x0f, 0xff, 0xe0, 0x00, 0x00, 0x00, 
	0x00, 0x00, 0x00, 0x00, 0x00, 0x00, 0x07, 0xff, 0x80, 0x00, 0x0f, 0xff, 0xe0, 0x00, 0x00, 0x00, 
	0x00, 0x00, 0x00, 0x00, 0x00, 0x00, 0x00, 0x00, 0x00, 0x00, 0x0f, 0xff, 0xe0, 0x00, 0x00, 0x00, 
	0x00, 0x00, 0x00, 0x00, 0x00, 0x00, 0x00, 0x00, 0x00, 0x00, 0x07, 0xff, 0xf0, 0x00, 0x00, 0x00, 
	0x00, 0x00, 0x00, 0x00, 0x00, 0x00, 0x00, 0x00, 0x00, 0x00, 0x07, 0xff, 0xf0, 0x00, 0x00, 0x00, 
	0x00, 0x00, 0x00, 0x00, 0x00, 0x00, 0x00, 0x00, 0x00, 0x00, 0x07, 0xff, 0xf0, 0x00, 0x00, 0x00, 
	0x00, 0x00, 0x00, 0x00, 0x00, 0x00, 0x00, 0x00, 0x00, 0x00, 0x03, 0xff, 0xf8, 0x00, 0x00, 0x00, 
	0x00, 0x00, 0x00, 0x00, 0x00, 0x00, 0x00, 0x00, 0x00, 0x00, 0x03, 0xff, 0xf8, 0x00, 0x00, 0x00, 
	0x00, 0x00, 0x00, 0x00, 0x00, 0x00, 0x00, 0x00, 0x00, 0x00, 0x03, 0xff, 0xf8, 0x00, 0x00, 0x00, 
	0x00, 0x00, 0x00, 0x00, 0x00, 0x00, 0x00, 0x00, 0x00, 0x00, 0x01, 0xff, 0xe0, 0x00, 0x00, 0x00, 
	0x00, 0x00, 0x00, 0x00, 0x00, 0x00, 0x00, 0x00, 0x00, 0x00, 0x01, 0xff, 0x00, 0x00, 0x00, 0x00, 
	0x00, 0x00, 0x00, 0x00, 0x00, 0x00, 0x00, 0x00, 0x00, 0x00, 0x01, 0xf0, 0x00, 0x00, 0x00, 0x00, 
	0x00, 0x00, 0x00, 0x00, 0x00, 0x00, 0x00, 0x00, 0x00, 0x00, 0x00, 0x80, 0x00, 0x00, 0x00, 0x00, 
	0x00, 0x00, 0x00, 0x00, 0x00, 0x00, 0x00, 0x00, 0x00, 0x00, 0x00, 0x00, 0x00, 0x00, 0x00, 0x00, 
	0x00, 0x00, 0x00, 0x00, 0x00, 0x00, 0x00, 0x00, 0x00, 0x00, 0x00, 0x00, 0x00, 0x00, 0x00, 0x00, 
	0x00, 0x00, 0x00, 0x00, 0x00, 0x00, 0x00, 0x00, 0x00, 0x00, 0x00, 0x00, 0x00, 0x00, 0x00, 0x00, 
	0x00, 0x00, 0x00, 0x00, 0x00, 0x1f, 0xff, 0xff, 0xff, 0x00, 0x00, 0x00, 0x00, 0x00, 0x00, 0x00, 
	0x00, 0x00, 0x00, 0x00, 0x00, 0x1f, 0xff, 0xff, 0xff, 0x00, 0x00, 0x00, 0x00, 0x00, 0x00, 0x00, 
	0x00, 0x00, 0x00, 0x00, 0x00, 0x1f, 0xff, 0xff, 0xff, 0x00, 0x00, 0x00, 0x00, 0x00, 0x00, 0x00, 
	0x00, 0x00, 0x00, 0x00, 0x00, 0x1f, 0xff, 0xff, 0xff, 0x00, 0x00, 0x00, 0x00, 0x00, 0x00, 0x00, 
	0x00, 0x00, 0x00, 0x00, 0x00, 0x00, 0x00, 0x00, 0x00, 0x00, 0x00, 0x00, 0x00, 0x00, 0x00, 0x00, 
	0x00, 0x00, 0x00, 0x00, 0x00, 0x00, 0x00, 0x00, 0x00, 0x00, 0x00, 0x00, 0x00, 0x00, 0x00, 0x00, 
	0x00, 0x00, 0x00, 0x00, 0x00, 0x00, 0x00, 0x00, 0x00, 0x00, 0x00, 0x00, 0x00, 0x00, 0x00, 0x00, 
	0x00, 0x00, 0x00, 0x00, 0x00, 0x00, 0x00, 0x00, 0x00, 0x00, 0x00, 0x00, 0x00, 0x00, 0x00, 0x00, 
	0x00, 0x00, 0x00, 0x00, 0x00, 0x00, 0x00, 0x00, 0x00, 0x00, 0x00, 0x00, 0x00, 0x00, 0x00, 0x00, 
	0x00, 0x00, 0x00, 0x00, 0x00, 0x00, 0x00, 0x00, 0x00, 0x00, 0x00, 0x00, 0x00, 0x00, 0x00, 0x00, 
	0x00, 0x00, 0x00, 0x00, 0x00, 0x1f, 0xff, 0xff, 0xff, 0x00, 0x00, 0x00, 0x00, 0x00, 0x00, 0x00, 
	0x00, 0x00, 0x00, 0x00, 0x00, 0x1f, 0xff, 0xff, 0xff, 0x00, 0x00, 0x00, 0x00, 0x00, 0x00, 0x00, 
	0x00, 0x00, 0x00, 0x00, 0x00, 0x1f, 0xff, 0xff, 0xff, 0x00, 0x00, 0x00, 0x00, 0x00, 0x00, 0x00, 
	0x00, 0x00, 0x00, 0x00, 0x00, 0x1f, 0xff, 0xff, 0xff, 0x00, 0x00, 0x00, 0x00, 0x00, 0x00, 0x00, 
	0x00, 0x00, 0x00, 0x00, 0x00, 0x00, 0x00, 0x00, 0x0f, 0x00, 0x00, 0x00, 0x00, 0x00, 0x00, 0x00, 
	0x00, 0x00, 0x00, 0x00, 0x00, 0x00, 0x00, 0x00, 0x0f, 0x00, 0x00, 0x00, 0x00, 0x00, 0x00, 0x00, 
	0x00, 0x00, 0x00, 0x00, 0x00, 0x00, 0x00, 0x00, 0x0f, 0x00, 0x00, 0x00, 0x00, 0x00, 0x00, 0x00, 
	0x00, 0x00, 0x00, 0x00, 0x00, 0x00, 0x1c, 0x00, 0x0f, 0x00, 0x00, 0x00, 0x00, 0x00, 0x00, 0x00, 
	0x00, 0x00, 0x00, 0x00, 0x00, 0x00, 0x1e, 0x00, 0x0f, 0x00, 0x00, 0x00, 0x00, 0x00, 0x00, 0x00, 
	0x00, 0x00, 0x00, 0x00, 0x00, 0x00, 0x1e, 0x00, 0x0f, 0x00, 0x00, 0x00, 0x00, 0x00, 0x00, 0x00, 
	0x00, 0x00, 0x00, 0x00, 0x00, 0x00, 0x1e, 0x00, 0x0f, 0x00, 0x00, 0x00, 0x00, 0x00, 0x00, 0x00, 
	0x00, 0x00, 0x00, 0x00, 0x00, 0x00, 0x1e, 0x00, 0x0f, 0x00, 0x00, 0x00, 0x00, 0x00, 0x00, 0x00, 
	0x00, 0x00, 0x00, 0x00, 0x00, 0x00, 0x1e, 0x00, 0x0f, 0x00, 0x00, 0x00, 0x00, 0x00, 0x00, 0x00, 
	0x00, 0x00, 0x00, 0x00, 0x00, 0x00, 0x1e, 0x00, 0x0f, 0x00, 0x00, 0x00, 0x00, 0x00, 0x00, 0x00, 
	0x00, 0x00, 0x00, 0x00, 0x00, 0x00, 0x1e, 0x00, 0x0f, 0x00, 0x00, 0x00, 0x00, 0x00, 0x00, 0x00, 
	0x00, 0x00, 0x00, 0x00, 0x00, 0x00, 0x1e, 0x00, 0x0f, 0x00, 0x00, 0x00, 0x00, 0x00, 0x00, 0x00, 
	0x00, 0x00, 0x00, 0x00, 0x00, 0x00, 0x1e, 0x00, 0x0f, 0x00, 0x00, 0x00, 0x00, 0x00, 0x00, 0x00, 
	0x00, 0x00, 0x00, 0x00, 0x00, 0x00, 0x1e, 0x00, 0x0f, 0x00, 0x00, 0x00, 0x00, 0x00, 0x00, 0x00, 
	0x00, 0x00, 0x00, 0x00, 0x00, 0x00, 0x1e, 0x00, 0x0f, 0x00, 0x00, 0x00, 0x00, 0x00, 0x00, 0x00, 
	0x00, 0x00, 0x00, 0x00, 0x00, 0x00, 0x1e, 0x00, 0x0f, 0x00, 0x00, 0x00, 0x00, 0x00, 0x00, 0x00, 
	0x00, 0x00, 0x00, 0x00, 0x00, 0x00, 0x1e, 0x00, 0x0f, 0x00, 0x00, 0x00, 0x00, 0x00, 0x00, 0x00, 
	0x00, 0x00, 0x00, 0x00, 0x00, 0x00, 0x7e, 0x00, 0x0f, 0x00, 0x00, 0x00, 0x00, 0x00, 0x00, 0x00, 
	0x00, 0x00, 0x00, 0x00, 0x00, 0x00, 0xfe, 0x00, 0x0f, 0x00, 0x00, 0x00, 0x00, 0x00, 0x00, 0x00, 
	0x00, 0x00, 0x00, 0x00, 0x00, 0x01, 0xff, 0x00, 0x1e, 0x00, 0x00, 0x00, 0x00, 0x00, 0x00, 0x00, 
	0x00, 0x00, 0x00, 0x00, 0x00, 0x03, 0xff, 0x00, 0x1e, 0x00, 0x00, 0x00, 0x00, 0x00, 0x00, 0x00, 
	0x00, 0x00, 0x00, 0x00, 0x00, 0x07, 0xef, 0xc0, 0x7e, 0x00, 0x00, 0x00, 0x00, 0x00, 0x00, 0x00, 
	0x00, 0x00, 0x00, 0x00, 0x00, 0x0f, 0xc7, 0xff, 0xfc, 0x00, 0x00, 0x00, 0x00, 0x00, 0x00, 0x00, 
	0x00, 0x00, 0x00, 0x00, 0x00, 0x1f, 0x83, 0xff, 0xf8, 0x00, 0x00, 0x00, 0x00, 0x00, 0x00, 0x00, 
	0x00, 0x00, 0x00, 0x00, 0x00, 0x1f, 0x01, 0xff, 0xf0, 0x00, 0x00, 0x00, 0x00, 0x00, 0x00, 0x00, 
	0x00, 0x00, 0x00, 0x00, 0x00, 0x1e, 0x00, 0x7f, 0xc0, 0x00, 0x00, 0x00, 0x00, 0x00, 0x00, 0x00, 
	0x00, 0x00, 0x00, 0x00, 0x00, 0x1c, 0x00, 0x00, 0x00, 0x00, 0x00, 0x00, 0x00, 0x00, 0x00, 0x00, 
	0x00, 0x00, 0x00, 0x00, 0x00, 0x18, 0x00, 0x00, 0x00, 0x00, 0x00, 0x00, 0x00, 0x00, 0x00, 0x00, 
	0x00, 0x00, 0x00, 0x00, 0x00, 0x10, 0x00, 0x00, 0x00, 0x00, 0x00, 0x00, 0x00, 0x00, 0x00, 0x00, 
	0x00, 0x00, 0x00, 0x00, 0x00, 0x00, 0x00, 0x00, 0x00, 0x00, 0x00, 0x00, 0x00, 0x00, 0x00, 0x00, 
	0x00, 0x00, 0x00, 0x00, 0x00, 0x00, 0x00, 0x00, 0x00, 0x00, 0x00, 0x00, 0x00, 0x00, 0x00, 0x00, 
	0x00, 0x00, 0x00, 0x00, 0x00, 0x00, 0x00, 0x00, 0x00, 0x00, 0x00, 0x00, 0x00, 0x00, 0x00, 0x00, 
	0x00, 0x00, 0x00, 0x00, 0x00, 0x00, 0x00, 0x00, 0x00, 0x00, 0x00, 0x00, 0x00, 0x00, 0x00, 0x00, 
	0x00, 0x00, 0x00, 0x00, 0x00, 0x1f, 0xff, 0xff, 0xff, 0x00, 0x00, 0x00, 0x00, 0x00, 0x00, 0x00, 
	0x00, 0x00, 0x00, 0x00, 0x00, 0x1f, 0xff, 0xff, 0xff, 0x00, 0x00, 0x00, 0x00, 0x00, 0x00, 0x00, 
	0x00, 0x00, 0x00, 0x00, 0x00, 0x1f, 0xff, 0xff, 0xff, 0x00, 0x00, 0x00, 0x00, 0x00, 0x00, 0x00, 
	0x00, 0x00, 0x00, 0x00, 0x00, 0x1f, 0xff, 0xff, 0xfe, 0x00, 0x00, 0x00, 0x00, 0x00, 0x00, 0x00, 
	0x00, 0x00, 0x00, 0x00, 0x00, 0x00, 0x00, 0x00, 0x00, 0x00, 0x00, 0x00, 0x00, 0x00, 0x00, 0x00, 
	0x00, 0x00, 0x00, 0x00, 0x00, 0x00, 0x00, 0x00, 0x00, 0x00, 0x00, 0x00, 0x00, 0x00, 0x00, 0x00, 
	0x00, 0x00, 0x00, 0x00, 0x00, 0x00, 0x00, 0x00, 0x00, 0x00, 0x00, 0x00, 0x00, 0x00, 0x00, 0x00, 
	0x00, 0x00, 0x00, 0x00, 0x00, 0x00, 0x00, 0x00, 0x00, 0x00, 0x00, 0x00, 0x00, 0x00, 0x00, 0x00, 
	0x00, 0x00, 0x00, 0x00, 0x00, 0x00, 0x00, 0x00, 0x00, 0x00, 0x00, 0x00, 0x00, 0x00, 0x00, 0x00, 
	0x00, 0x00, 0x00, 0x00, 0x00, 0x00, 0x00, 0x07, 0xe0, 0x00, 0x00, 0x00, 0x00, 0x00, 0x00, 0x00, 
	0x00, 0x00, 0x00, 0x00, 0x00, 0x1e, 0x00, 0x1f, 0xf8, 0x00, 0x00, 0x00, 0x00, 0x00, 0x00, 0x00, 
	0x00, 0x00, 0x00, 0x00, 0x00, 0x1e, 0x00, 0x3f, 0xfc, 0x00, 0x00, 0x00, 0x00, 0x00, 0x00, 0x00, 
	0x00, 0x00, 0x00, 0x00, 0x00, 0x1e, 0x00, 0x7f, 0xfe, 0x00, 0x00, 0x00, 0x00, 0x00, 0x00, 0x00, 
	0x00, 0x00, 0x00, 0x00, 0x00, 0x1e, 0x00, 0x7c, 0x3e, 0x00, 0x00, 0x00, 0x00, 0x00, 0x00, 0x00, 
	0x00, 0x00, 0x00, 0x00, 0x00, 0x1e, 0x00, 0xf8, 0x1e, 0x00, 0x00, 0x00, 0x00, 0x00, 0x00, 0x00, 
	0x00, 0x00, 0x00, 0x00, 0x00, 0x1e, 0x00, 0xf0, 0x0f, 0x00, 0x00, 0x00, 0x00, 0x00, 0x00, 0x00, 
	0x00, 0x00, 0x00, 0x00, 0x00, 0x1e, 0x00, 0xf0, 0x0f, 0x00, 0x00, 0x00, 0x00, 0x00, 0x00, 0x00, 
	0x00, 0x00, 0x00, 0x00, 0x00, 0x1e, 0x00, 0xf0, 0x0f, 0x00, 0x00, 0x00, 0x00, 0x00, 0x00, 0x00, 
	0x00, 0x00, 0x00, 0x00, 0x00, 0x1e, 0x00, 0xf0, 0x0f, 0x00, 0x00, 0x00, 0x00, 0x00, 0x00, 0x00, 
	0x00, 0x00, 0x00, 0x00, 0x00, 0x1e, 0x00, 0xf0, 0x0f, 0x00, 0x00, 0x00, 0x00, 0x00, 0x00, 0x00, 
	0x00, 0x00, 0x00, 0x00, 0x00, 0x1e, 0x00, 0xf0, 0x0f, 0x00, 0x00, 0x00, 0x00, 0x00, 0x00, 0x00, 
	0x00, 0x00, 0x00, 0x00, 0x00, 0x1e, 0x00, 0xf0, 0x0f, 0x00, 0x00, 0x00, 0x00, 0x00, 0x00, 0x00, 
	0x00, 0x00, 0x00, 0x00, 0x00, 0x1e, 0x00, 0xf0, 0x0f, 0x00, 0x00, 0x00, 0x00, 0x00, 0x00, 0x00, 
	0x00, 0x00, 0x00, 0x00, 0x00, 0x1e, 0x00, 0xf0, 0x0f, 0x00, 0x00, 0x00, 0x00, 0x00, 0x00, 0x00, 
	0x00, 0x00, 0x00, 0x00, 0x00, 0x1e, 0x00, 0xf0, 0x0f, 0x00, 0x00, 0x00, 0x00, 0x00, 0x00, 0x00, 
	0x00, 0x00, 0x00, 0x00, 0x00, 0x1e, 0x00, 0xf0, 0x0f, 0x00, 0x00, 0x00, 0x00, 0x00, 0x00, 0x00, 
	0x00, 0x00, 0x00, 0x00, 0x00, 0x1e, 0x00, 0xf0, 0x0f, 0x00, 0x00, 0x00, 0x00, 0x00, 0x00, 0x00, 
	0x00, 0x00, 0x00, 0x00, 0x00, 0x1e, 0x00, 0xf0, 0x0f, 0x00, 0x00, 0x00, 0x00, 0x00, 0x00, 0x00, 
	0x00, 0x00, 0x00, 0x00, 0x00, 0x1e, 0x00, 0xf0, 0x0f, 0x00, 0x00, 0x00, 0x00, 0x00, 0x00, 0x00, 
	0x00, 0x00, 0x00, 0x00, 0x00, 0x1e, 0x00, 0xf0, 0x0f, 0x00, 0x00, 0x00, 0x00, 0x00, 0x00, 0x00, 
	0x00, 0x00, 0x00, 0x00, 0x00, 0x1e, 0x00, 0xf0, 0x0f, 0x00, 0x00, 0x00, 0x00, 0x00, 0x00, 0x00, 
	0x00, 0x00, 0x00, 0x00, 0x00, 0x1e, 0x00, 0xf0, 0x0f, 0x00, 0x00, 0x00, 0x00, 0x00, 0x00, 0x00, 
	0x00, 0x00, 0x00, 0x00, 0x00, 0x1e, 0x00, 0xf0, 0x0f, 0x00, 0x00, 0x00, 0x00, 0x00, 0x00, 0x00, 
	0x00, 0x00, 0x00, 0x00, 0x00, 0x1f, 0x01, 0xe0, 0x0f, 0x00, 0x00, 0x00, 0x00, 0x00, 0x00, 0x00, 
	0x00, 0x00, 0x00, 0x00, 0x00, 0x0f, 0x81, 0xe0, 0x0f, 0x00, 0x00, 0x00, 0x00, 0x00, 0x00, 0x00, 
	0x00, 0x00, 0x00, 0x00, 0x00, 0x0f, 0xff, 0xe0, 0x0f, 0x00, 0x00, 0x00, 0x00, 0x00, 0x00, 0x00, 
	0x00, 0x00, 0x00, 0x00, 0x00, 0x07, 0xff, 0xc0, 0x0f, 0x00, 0x00, 0x00, 0x00, 0x00, 0x00, 0x00, 
	0x00, 0x00, 0x00, 0x00, 0x00, 0x03, 0xff, 0x80, 0x0f, 0x00, 0x00, 0x00, 0x00, 0x00, 0x00, 0x00, 
	0x00, 0x00, 0x00, 0x00, 0x00, 0x01, 0xff, 0x00, 0x00, 0x00, 0x00, 0x00, 0x00, 0x00, 0x00, 0x00, 
	0x00, 0x00, 0x00, 0x00, 0x00, 0x00, 0x00, 0x00, 0x00, 0x00, 0x00, 0x00, 0x00, 0x00, 0x00, 0x00, 
	0x00, 0x00, 0x00, 0x00, 0x00, 0x00, 0x00, 0x00, 0x00, 0x00, 0x00, 0x00, 0x00, 0x00, 0x00, 0x00, 
	0x00, 0x00, 0x00, 0x00, 0x00, 0x00, 0x00, 0x00, 0x00, 0x00, 0x00, 0x00, 0x00, 0x00, 0x00, 0x00, 
	0x00, 0x00, 0x00, 0x00, 0x00, 0x00, 0x00, 0x00, 0x00, 0x00, 0x00, 0x00, 0x00, 0x00, 0x00, 0x00, 
	0x00, 0x00, 0x00, 0x00, 0x00, 0x00, 0x00, 0x00, 0x00, 0x00, 0x00, 0x00, 0x00, 0x00, 0x00, 0x00, 
	0x00, 0x00, 0x00, 0x00, 0x00, 0x1f, 0xff, 0xff, 0xff, 0x00, 0x00, 0x00, 0x00, 0x00, 0x00, 0x00, 
	0x00, 0x00, 0x00, 0x00, 0x00, 0x1f, 0xff, 0xff, 0xff, 0x00, 0x00, 0x00, 0x00, 0x00, 0x00, 0x00, 
	0x00, 0x00, 0x00, 0x00, 0x00, 0x1f, 0xff, 0xff, 0xff, 0x00, 0x00, 0x00, 0x00, 0x00, 0x00, 0x00, 
	0x00, 0x00, 0x00, 0x00, 0x00, 0x1f, 0xff, 0xff, 0xff, 0x00, 0x00, 0x00, 0x00, 0x00, 0x00, 0x00, 
	0x00, 0x00, 0x00, 0x00, 0x00, 0x00, 0x00, 0x00, 0x00, 0x00, 0x00, 0x00, 0x00, 0x00, 0x00, 0x00, 
	0x00, 0x00, 0x00, 0x00, 0x00, 0x00, 0x00, 0x00, 0x00, 0x00, 0x00, 0x00, 0x00, 0x00, 0x00, 0x00, 
	0x00, 0x00, 0x00, 0x00, 0x00, 0x00, 0x00, 0x00, 0x00, 0x00, 0x00, 0x00, 0x00, 0x00, 0x00, 0x00, 
	0x00, 0x00, 0x00, 0x00, 0x00, 0x00, 0x00, 0x00, 0x00, 0x00, 0x00, 0x00, 0x00, 0x00, 0x00, 0x00, 
	0x00, 0x00, 0x00, 0x00, 0x00, 0x00, 0x00, 0xf0, 0x00, 0x00, 0x00, 0x00, 0x00, 0x00, 0x00, 0x00, 
	0x00, 0x00, 0x00, 0x00, 0x00, 0x00, 0x00, 0xf0, 0x00, 0x00, 0x00, 0x00, 0x00, 0x00, 0x00, 0x00, 
	0x00, 0x00, 0x00, 0x00, 0x00, 0x00, 0x00, 0xf0, 0x00, 0x00, 0x00, 0x00, 0x00, 0x00, 0x00, 0x00, 
	0x00, 0x00, 0x00, 0x00, 0x00, 0x00, 0x00, 0xf0, 0x00, 0x00, 0x00, 0x00, 0x00, 0x00, 0x00, 0x00, 
	0x00, 0x00, 0x00, 0x00, 0x00, 0x00, 0x00, 0xf0, 0x00, 0x00, 0x00, 0x00, 0x00, 0x00, 0x00, 0x00, 
	0x00, 0x00, 0x00, 0x00, 0x00, 0x00, 0x00, 0xf0, 0x00, 0x00, 0x00, 0x00, 0x00, 0x00, 0x00, 0x00, 
	0x00, 0x00, 0x00, 0x00, 0x00, 0x00, 0x00, 0xf0, 0x00, 0x00, 0x00, 0x00, 0x00, 0x00, 0x00, 0x00, 
	0x00, 0x00, 0x00, 0x00, 0x00, 0x00, 0x00, 0xf0, 0x00, 0x00, 0x00, 0x00, 0x00, 0x00, 0x00, 0x00, 
	0x00, 0x00, 0x00, 0x00, 0x00, 0x00, 0x00, 0xf0, 0x00, 0x00, 0x00, 0x00, 0x00, 0x00, 0x00, 0x00, 
	0x00, 0x00, 0x00, 0x00, 0x00, 0x00, 0x00, 0xf0, 0x00, 0x00, 0x00, 0x00, 0x00, 0x00, 0x00, 0x00, 
	0x00, 0x00, 0x00, 0x00, 0x00, 0x00, 0x00, 0xf0, 0x00, 0x00, 0x00, 0x00, 0x00, 0x00, 0x00, 0x00, 
	0x00, 0x00, 0x00, 0x00, 0x00, 0x00, 0x00, 0xf0, 0x00, 0x00, 0x00, 0x00, 0x00, 0x00, 0x00, 0x00, 
	0x00, 0x00, 0x00, 0x00, 0x00, 0x00, 0x00, 0xf0, 0x00, 0x00, 0x00, 0x00, 0x00, 0x00, 0x00, 0x00, 
	0x00, 0x00, 0x00, 0x00, 0x00, 0x00, 0x00, 0xf0, 0x00, 0x00, 0x00, 0x00, 0x00, 0x00, 0x00, 0x00, 
	0x00, 0x00, 0x00, 0x00, 0x00, 0x00, 0x00, 0xf0, 0x00, 0x00, 0x00, 0x00, 0x00, 0x00, 0x00, 0x00, 
	0x00, 0x00, 0x00, 0x00, 0x00, 0x00, 0x00, 0xf0, 0x00, 0x00, 0x00, 0x00, 0x00, 0x00, 0x00, 0x00, 
	0x00, 0x00, 0x00, 0x00, 0x00, 0x1f, 0xff, 0xff, 0xff, 0x00, 0x00, 0x00, 0x00, 0x00, 0x00, 0x00, 
	0x00, 0x00, 0x00, 0x00, 0x00, 0x1f, 0xff, 0xff, 0xff, 0x00, 0x00, 0x00, 0x00, 0x00, 0x00, 0x00, 
	0x00, 0x00, 0x00, 0x00, 0x00, 0x1f, 0xff, 0xff, 0xff, 0x00, 0x00, 0x00, 0x00, 0x00, 0x00, 0x00, 
	0x00, 0x00, 0x00, 0x00, 0x00, 0x1f, 0xff, 0xff, 0xff, 0x00, 0x00, 0x00, 0x00, 0x00, 0x00, 0x00, 
	0x00, 0x00, 0x00, 0x00, 0x00, 0x00, 0x00, 0x00, 0x00, 0x00, 0x00, 0x00, 0x00, 0x00, 0x00, 0x00, 
	0x00, 0x00, 0x00, 0x00, 0x00, 0x00, 0x00, 0x00, 0x00, 0x00, 0x00, 0x00, 0x00, 0x00, 0x00, 0x00, 
	0x00, 0x00, 0x00, 0x00, 0x00, 0x00, 0x00, 0x00, 0x00, 0x00, 0x00, 0x00, 0x00, 0x00, 0x00, 0x00, 
	0x00, 0x00, 0x00, 0x00, 0x00, 0x00, 0x00, 0x00, 0x00, 0x00, 0x00, 0x00, 0x00, 0x00, 0x00, 0x00, 
	0x00, 0x00, 0x00, 0x00, 0x00, 0x00, 0x00, 0x00, 0x00, 0x00, 0x00, 0x00, 0x00, 0x00, 0x00, 0x00, 
	0x00, 0x00, 0x00, 0x00, 0x00, 0x1f, 0xc0, 0x0f, 0xe0, 0x00, 0x00, 0x00, 0x00, 0x00, 0x00, 0x00, 
	0x00, 0x00, 0x00, 0x00, 0x00, 0x1f, 0xc0, 0x3f, 0xf8, 0x00, 0x00, 0x00, 0x00, 0x00, 0x00, 0x00, 
	0x00, 0x00, 0x00, 0x00, 0x00, 0x1f, 0xc0, 0x7f, 0xfc, 0x00, 0x00, 0x00, 0x00, 0x00, 0x00, 0x00, 
	0x00, 0x00, 0x00, 0x00, 0x00, 0x1f, 0xc0, 0xff, 0xfc, 0x00, 0x00, 0x00, 0x00, 0x00, 0x00, 0x00, 
	0x00, 0x00, 0x00, 0x00, 0x00, 0x1f, 0xc0, 0xff, 0xfe, 0x00, 0x00, 0x00, 0x00, 0x00, 0x00, 0x00, 
	0x00, 0x00, 0x00, 0x00, 0x00, 0x1f, 0xc1, 0xff, 0xfe, 0x00, 0x00, 0x00, 0x00, 0x00, 0x00, 0x00, 
	0x00, 0x00, 0x00, 0x00, 0x00, 0x1f, 0xc1, 0xff, 0xfe, 0x00, 0x00, 0x00, 0x00, 0x00, 0x00, 0x00, 
	0x00, 0x00, 0x00, 0x00, 0x00, 0x1f, 0xc1, 0xfd, 0xff, 0x00, 0x00, 0x00, 0x00, 0x00, 0x00, 0x00, 
	0x00, 0x00, 0x00, 0x00, 0x00, 0x1f, 0xc1, 0xf8, 0xff, 0x00, 0x00, 0x00, 0x00, 0x00, 0x00, 0x00, 
	0x00, 0x00, 0x00, 0x00, 0x00, 0x1f, 0xc1, 0xf8, 0xff, 0x00, 0x00, 0x00, 0x00, 0x00, 0x00, 0x00, 
	0x00, 0x00, 0x00, 0x00, 0x00, 0x1f, 0xc1, 0xf8, 0xff, 0x00, 0x00, 0x00, 0x00, 0x00, 0x00, 0x00, 
	0x00, 0x00, 0x00, 0x00, 0x00, 0x1f, 0xc1, 0xf8, 0xff, 0x00, 0x00, 0x00, 0x00, 0x00, 0x00, 0x00, 
	0x00, 0x00, 0x00, 0x00, 0x00, 0x1f, 0xc1, 0xf8, 0xff, 0x00, 0x00, 0x00, 0x00, 0x00, 0x00, 0x00, 
	0x00, 0x00, 0x00, 0x00, 0x00, 0x1f, 0xc1, 0xf8, 0xff, 0x00, 0x00, 0x00, 0x00, 0x00, 0x00, 0x00, 
	0x00, 0x00, 0x00, 0x00, 0x00, 0x1f, 0xc1, 0xf8, 0xff, 0x00, 0x00, 0x00, 0x00, 0x00, 0x00, 0x00, 
	0x00, 0x00, 0x00, 0x00, 0x00, 0x1f, 0xc1, 0xf8, 0xff, 0x00, 0x00, 0x00, 0x00, 0x00, 0x00, 0x00, 
	0x00, 0x00, 0x00, 0x00, 0x00, 0x1f, 0xc1, 0xf8, 0xff, 0x00, 0x00, 0x00, 0x00, 0x00, 0x00, 0x00, 
	0x00, 0x00, 0x00, 0x00, 0x00, 0x1f, 0xc1, 0xf8, 0xff, 0x00, 0x00, 0x00, 0x00, 0x00, 0x00, 0x00, 
	0x00, 0x00, 0x00, 0x00, 0x00, 0x1f, 0xc1, 0xf8, 0xff, 0x00, 0x00, 0x00, 0x00, 0x00, 0x00, 0x00, 
	0x00, 0x00, 0x00, 0x00, 0x00, 0x1f, 0xc1, 0xf8, 0xff, 0x00, 0x00, 0x00, 0x00, 0x00, 0x00, 0x00, 
	0x00, 0x00, 0x00, 0x00, 0x00, 0x1f, 0xc1, 0xf8, 0xff, 0x00, 0x00, 0x00, 0x00, 0x00, 0x00, 0x00, 
	0x00, 0x00, 0x00, 0x00, 0x00, 0x1f, 0xc1, 0xf8, 0xff, 0x00, 0x00, 0x00, 0x00, 0x00, 0x00, 0x00, 
	0x00, 0x00, 0x00, 0x00, 0x00, 0x1f, 0xe1, 0xf8, 0xff, 0x00, 0x00, 0x00, 0x00, 0x00, 0x00, 0x00, 
	0x00, 0x00, 0x00, 0x00, 0x00, 0x1f, 0xe1, 0xf8, 0xff, 0x00, 0x00, 0x00, 0x00, 0x00, 0x00, 0x00, 
	0x00, 0x00, 0x00, 0x00, 0x00, 0x1f, 0xf3, 0xf8, 0xff, 0x00, 0x00, 0x00, 0x00, 0x00, 0x00, 0x00, 
	0x00, 0x00, 0x00, 0x00, 0x00, 0x0f, 0xff, 0xf0, 0xff, 0x00, 0x00, 0x00, 0x00, 0x00, 0x00, 0x00, 
	0x00, 0x00, 0x00, 0x00, 0x00, 0x0f, 0xff, 0xf0, 0xff, 0x00, 0x00, 0x00, 0x00, 0x00, 0x00, 0x00, 
	0x00, 0x00, 0x00, 0x00, 0x00, 0x0f, 0xff, 0xf0, 0xff, 0x00, 0x00, 0x00, 0x00, 0x00, 0x00, 0x00, 
	0x00, 0x00, 0x00, 0x00, 0x00, 0x07, 0xff, 0xe0, 0xff, 0x00, 0x00, 0x00, 0x00, 0x00, 0x00, 0x00, 
	0x00, 0x00, 0x00, 0x00, 0x00, 0x03, 0xff, 0xc0, 0xff, 0x00, 0x00, 0x00, 0x00, 0x00, 0x00, 0x00, 
	0x00, 0x00, 0x00, 0x00, 0x00, 0x01, 0xff, 0x80, 0x00, 0x00, 0x00, 0x00, 0x00, 0x00, 0x00, 0x00, 
	0x00, 0x00, 0x00, 0x00, 0x00, 0x00, 0x3e, 0x00, 0x00, 0x00, 0x00, 0x00, 0x00, 0x00, 0x00, 0x00, 
	0x00, 0x00, 0x00, 0x00, 0x00, 0x10, 0x00, 0x00, 0x00, 0x00, 0x00, 0x00, 0x00, 0x00, 0x00, 0x00, 
	0x00, 0x00, 0x00, 0x00, 0x00, 0x1c, 0x00, 0x00, 0x00, 0x00, 0x00, 0x00, 0x00, 0x00, 0x00, 0x00, 
	0x00, 0x00, 0x00, 0x00, 0x00, 0x1f, 0x00, 0x00, 0x00, 0x00, 0x00, 0x00, 0x00, 0x00, 0x00, 0x00, 
	0x00, 0x00, 0x00, 0x00, 0x00, 0x1f, 0x80, 0x00, 0x00, 0x00, 0x00, 0x00, 0x00, 0x00, 0x00, 0x00, 
	0x00, 0x00, 0x00, 0x00, 0x00, 0x1f, 0xe0, 0x00, 0x00, 0x00, 0x00, 0x00, 0x00, 0x00, 0x00, 0x00, 
	0x00, 0x00, 0x00, 0x00, 0x00, 0x1f, 0xf8, 0x00, 0x00, 0x00, 0x00, 0x00, 0x00, 0x00, 0x00, 0x00, 
	0x00, 0x00, 0x00, 0x00, 0x00, 0x1f, 0xfc, 0x00, 0x00, 0x00, 0x00, 0x00, 0x00, 0x00, 0x00, 0x00, 
	0x00, 0x00, 0x00, 0x00, 0x00, 0x1f, 0xff, 0x00, 0x00, 0x00, 0x00, 0x00, 0x00, 0x00, 0x00, 0x00, 
	0x00, 0x00, 0x00, 0x00, 0x00, 0x0f, 0xff, 0xc0, 0x00, 0x00, 0x00, 0x00, 0x00, 0x00, 0x00, 0x00, 
	0x00, 0x00, 0x00, 0x00, 0x00, 0x07, 0xff, 0xe0, 0x00, 0x00, 0x00, 0x00, 0x00, 0x00, 0x00, 0x00, 
	0x00, 0x00, 0x00, 0x00, 0x00, 0x01, 0xff, 0xf8, 0x00, 0x00, 0x00, 0x00, 0x00, 0x00, 0x00, 0x00, 
	0x00, 0x00, 0x00, 0x00, 0x00, 0x00, 0x7f, 0xfe, 0x00, 0x00, 0x00, 0x00, 0x00, 0x00, 0x00, 0x00, 
	0x00, 0x00, 0x00, 0x00, 0x00, 0x00, 0x1f, 0xff, 0x00, 0x00, 0x00, 0x00, 0x00, 0x00, 0x00, 0x00, 
	0x00, 0x00, 0x00, 0x00, 0x00, 0x00, 0x0f, 0xff, 0xc0, 0x00, 0x00, 0x00, 0x00, 0x00, 0x00, 0x00, 
	0x00, 0x00, 0x00, 0x00, 0x00, 0x00, 0x03, 0xff, 0xf0, 0x00, 0x00, 0x00, 0x00, 0x00, 0x00, 0x00, 
	0x00, 0x00, 0x00, 0x00, 0x00, 0x00, 0x01, 0xff, 0xf8, 0x00, 0x00, 0x00, 0x00, 0x00, 0x00, 0x00, 
	0x00, 0x00, 0x00, 0x00, 0x00, 0x00, 0x60, 0x7f, 0xfe, 0x00, 0x00, 0x00, 0x00, 0x00, 0x00, 0x00, 
	0x00, 0x00, 0x00, 0x00, 0x00, 0x00, 0x70, 0x1f, 0xff, 0x00, 0x00, 0x00, 0x00, 0x00, 0x00, 0x00, 
	0x00, 0x00, 0x00, 0x00, 0x00, 0x00, 0x7c, 0x0f, 0xff, 0x00, 0x00, 0x00, 0x00, 0x00, 0x00, 0x00, 
	0x00, 0x00, 0x00, 0x00, 0x00, 0x00, 0x7e, 0x07, 0xff, 0x00, 0x00, 0x00, 0x00, 0x00, 0x00, 0x00, 
	0x00, 0x00, 0x00, 0x00, 0x00, 0x00, 0x7e, 0x0f, 0xff, 0x00, 0x00, 0x00, 0x00, 0x00, 0x00, 0x00, 
	0x00, 0x00, 0x00, 0x00, 0x00, 0x00, 0x7e, 0x3f, 0xff, 0x00, 0x00, 0x00, 0x00, 0x00, 0x00, 0x00, 
	0x00, 0x00, 0x00, 0x00, 0x00, 0x00, 0x7e, 0xff, 0xfe, 0x00, 0x00, 0x00, 0x00, 0x00, 0x00, 0x00, 
	0x00, 0x00, 0x00, 0x00, 0x00, 0x00, 0x7f, 0xff, 0xf8, 0x00, 0x00, 0x00, 0x00, 0x00, 0x00, 0x00, 
	0x00, 0x00, 0x00, 0x00, 0x00, 0x00, 0x7f, 0xff, 0xf0, 0x00, 0x00, 0x00, 0x00, 0x00, 0x00, 0x00, 
	0x00, 0x00, 0x00, 0x00, 0x00, 0x00, 0x7f, 0xff, 0xc0, 0x00, 0x00, 0x00, 0x00, 0x00, 0x00, 0x00, 
	0x00, 0x00, 0x00, 0x00, 0x00, 0x00, 0x7f, 0xff, 0x00, 0x00, 0x00, 0x00, 0x00, 0x00, 0x00, 0x00, 
	0x00, 0x00, 0x00, 0x00, 0x00, 0x00, 0xff, 0xfc, 0x00, 0x00, 0x00, 0x00, 0x00, 0x00, 0x00, 0x00, 
	0x00, 0x00, 0x00, 0x00, 0x00, 0x03, 0xff, 0xf8, 0x00, 0x00, 0x00, 0x00, 0x00, 0x00, 0x00, 0x00, 
	0x00, 0x00, 0x00, 0x00, 0x00, 0x0f, 0xff, 0xe0, 0x00, 0x00, 0x00, 0x00, 0x00, 0x00, 0x00, 0x00, 
	0x00, 0x00, 0x00, 0x00, 0x00, 0x1f, 0xff, 0x80, 0x00, 0x00, 0x00, 0x00, 0x00, 0x00, 0x00, 0x00, 
	0x00, 0x00, 0x00, 0x00, 0x00, 0x1f, 0xff, 0x00, 0x00, 0x00, 0x00, 0x00, 0x00, 0x00, 0x00, 0x00, 
	0x00, 0x00, 0x00, 0x00, 0x00, 0x1f, 0xfc, 0x00, 0x00, 0x00, 0x00, 0x00, 0x00, 0x00, 0x00, 0x00, 
	0x00, 0x00, 0x00, 0x00, 0x00, 0x1f, 0xf8, 0x00, 0x00, 0x00, 0x00, 0x00, 0x00, 0x00, 0x00, 0x00, 
	0x00, 0x00, 0x00, 0x00, 0x00, 0x1f, 0xe0, 0x00, 0x00, 0x00, 0x00, 0x00, 0x00, 0x00, 0x00, 0x00, 
	0x00, 0x00, 0x00, 0x00, 0x00, 0x1f, 0x80, 0x00, 0xff, 0x00, 0x00, 0x00, 0x00, 0x00, 0x00, 0x00, 
	0x00, 0x00, 0x00, 0x00, 0x00, 0x1f, 0x00, 0x00, 0xff, 0x00, 0x00, 0x00, 0x00, 0x00, 0x00, 0x00, 
	0x00, 0x00, 0x00, 0x00, 0x00, 0x1c, 0x00, 0x00, 0xff, 0x00, 0x00, 0x00, 0x00, 0x00, 0x00, 0x00, 
	0x00, 0x00, 0x00, 0x00, 0x00, 0x10, 0x00, 0x00, 0xff, 0x00, 0x00, 0x00, 0x00, 0x00, 0x00, 0x00, 
	0x00, 0x00, 0x00, 0x00, 0x00, 0x00, 0x00, 0x00, 0xff, 0x00, 0x00, 0x00, 0x00, 0x00, 0x00, 0x00, 
	0x00, 0x00, 0x00, 0x00, 0x00, 0x00, 0x00, 0x00, 0xff, 0x00, 0x00, 0x00, 0x00, 0x00, 0x00, 0x00, 
	0x00, 0x00, 0x00, 0x00, 0x00, 0x00, 0x00, 0x00, 0xff, 0x00, 0x00, 0x00, 0x00, 0x00, 0x00, 0x00, 
	0x00, 0x00, 0x00, 0x00, 0x00, 0x00, 0x00, 0x00, 0xff, 0x00, 0x00, 0x00, 0x00, 0x00, 0x00, 0x00, 
	0x00, 0x00, 0x00, 0x00, 0x00, 0x00, 0x00, 0x00, 0xff, 0x00, 0x00, 0x00, 0x00, 0x00, 0x00, 0x00, 
	0x00, 0x00, 0x00, 0x00, 0x00, 0x00, 0x00, 0x00, 0xff, 0x00, 0x00, 0x00, 0x00, 0x00, 0x00, 0x00, 
	0x00, 0x00, 0x00, 0x00, 0x00, 0x1f, 0xff, 0xff, 0xff, 0x00, 0x00, 0x00, 0x00, 0x00, 0x00, 0x00, 
	0x00, 0x00, 0x00, 0x00, 0x00, 0x1f, 0xff, 0xff, 0xff, 0x00, 0x00, 0x00, 0x00, 0x00, 0x00, 0x00, 
	0x00, 0x00, 0x00, 0x00, 0x00, 0x1f, 0xff, 0xff, 0xff, 0x00, 0x00, 0x00, 0x00, 0x00, 0x00, 0x00, 
	0x00, 0x00, 0x00, 0x00, 0x00, 0x1f, 0xff, 0xff, 0xff, 0x00, 0x00, 0x00, 0x00, 0x00, 0x00, 0x00, 
	0x00, 0x00, 0x00, 0x00, 0x00, 0x1f, 0xff, 0xff, 0xff, 0x00, 0x00, 0x00, 0x00, 0x00, 0x00, 0x00, 
	0x00, 0x00, 0x00, 0x00, 0x00, 0x1f, 0xff, 0xff, 0xff, 0x00, 0x00, 0x00, 0x00, 0x00, 0x00, 0x00, 
	0x00, 0x00, 0x00, 0x00, 0x00, 0x1f, 0xff, 0xff, 0xff, 0x00, 0x00, 0x00, 0x00, 0x00, 0x00, 0x00, 
	0x00, 0x00, 0x00, 0x00, 0x00, 0x00, 0x00, 0x00, 0xff, 0x00, 0x00, 0x00, 0x00, 0x00, 0x00, 0x00, 
	0x00, 0x00, 0x00, 0x00, 0x00, 0x00, 0x00, 0x00, 0xff, 0x00, 0x00, 0x00, 0x00, 0x00, 0x00, 0x00, 
	0x00, 0x00, 0x00, 0x00, 0x00, 0x00, 0x00, 0x00, 0xff, 0x00, 0x00, 0x00, 0x00, 0x00, 0x00, 0x00, 
	0x00, 0x00, 0x00, 0x00, 0x00, 0x00, 0x00, 0x00, 0xff, 0x00, 0x00, 0x00, 0x00, 0x00, 0x00, 0x00, 
	0x00, 0x00, 0x00, 0x00, 0x00, 0x00, 0x00, 0x00, 0xff, 0x00, 0x00, 0x00, 0x00, 0x00, 0x00, 0x00, 
	0x00, 0x00, 0x00, 0x00, 0x00, 0x00, 0x00, 0x00, 0xff, 0x00, 0x00, 0x00, 0x00, 0x00, 0x00, 0x00, 
	0x00, 0x00, 0x00, 0x00, 0x00, 0x00, 0x00, 0x00, 0xff, 0x00, 0x00, 0x00, 0x00, 0x00, 0x00, 0x00, 
	0x00, 0x00, 0x00, 0x00, 0x00, 0x00, 0x00, 0x00, 0xff, 0x00, 0x00, 0x00, 0x00, 0x00, 0x00, 0x00, 
	0x00, 0x00, 0x00, 0x00, 0x00, 0x00, 0x00, 0x00, 0xff, 0x00, 0x00, 0x00, 0x00, 0x00, 0x00, 0x00, 
	0x00, 0x00, 0x00, 0x00, 0x00, 0x00, 0x00, 0x00, 0xff, 0x00, 0x00, 0x00, 0x00, 0x00, 0x00, 0x00
};

// 'Nametag', 128x296px
const unsigned char epd_bitmap_Nametag[] = {
	0xff, 0xff, 0xff, 0xff, 0xff, 0xff, 0xff, 0xff, 0xff, 0xff, 0xff, 0xff, 0xff, 0xff, 0xff, 0xff, 
	0xff, 0xff, 0xff, 0xff, 0xff, 0xff, 0xff, 0xff, 0xff, 0xff, 0xff, 0xff, 0xff, 0xff, 0xff, 0xff, 
	0xff, 0xff, 0xff, 0xff, 0xff, 0xff, 0xff, 0x80, 0x07, 0xff, 0xff, 0xff, 0x00, 0x0f, 0xff, 0xff, 
	0xff, 0xff, 0xff, 0xff, 0xff, 0xff, 0xff, 0x80, 0x07, 0xff, 0xff, 0xff, 0x00, 0x0f, 0xff, 0xff, 
	0xff, 0xff, 0xff, 0xff, 0xff, 0xff, 0xff, 0x80, 0x07, 0xff, 0xff, 0xff, 0x00, 0x0f, 0xff, 0xff, 
	0xff, 0xff, 0xff, 0xff, 0xff, 0xff, 0xff, 0x80, 0x07, 0xff, 0xff, 0xff, 0x00, 0x0f, 0xff, 0xff, 
	0xff, 0xff, 0xff, 0xff, 0xff, 0xff, 0xff, 0x80, 0x07, 0xff, 0xff, 0xff, 0x00, 0x0f, 0xff, 0xff, 
	0xff, 0xff, 0xff, 0xff, 0xff, 0xff, 0xff, 0x80, 0x00, 0x00, 0x00, 0x00, 0x00, 0x0f, 0xff, 0xff, 
	0xff, 0xff, 0xff, 0xff, 0xff, 0xff, 0xff, 0x80, 0x00, 0x00, 0x00, 0x00, 0x00, 0x0f, 0xff, 0xff, 
	0xff, 0xff, 0xff, 0xff, 0xff, 0xff, 0xff, 0x80, 0x00, 0x00, 0x00, 0x00, 0x00, 0x0f, 0xff, 0xff, 
	0xff, 0xff, 0xff, 0xff, 0xff, 0xff, 0xff, 0x80, 0x00, 0x00, 0x00, 0x00, 0x00, 0x0f, 0xff, 0xff, 
	0xff, 0xff, 0xff, 0xff, 0xff, 0xff, 0xff, 0x80, 0x00, 0x00, 0x00, 0x00, 0x00, 0x0f, 0xff, 0xff, 
	0xff, 0xff, 0xff, 0xff, 0xff, 0xff, 0xff, 0x80, 0x00, 0x00, 0x00, 0x00, 0x00, 0x0f, 0xff, 0xff, 
	0xff, 0xff, 0xff, 0xff, 0xff, 0xff, 0xff, 0x80, 0x00, 0x00, 0x00, 0x00, 0x00, 0x0f, 0xff, 0xff, 
	0xff, 0xff, 0xff, 0xff, 0xff, 0xff, 0xff, 0x80, 0x00, 0x00, 0x00, 0x00, 0x00, 0x0f, 0xff, 0xff, 
	0xff, 0xff, 0xff, 0xff, 0xff, 0xff, 0xff, 0x80, 0x00, 0x00, 0x00, 0x00, 0x00, 0x0f, 0xff, 0xff, 
	0xff, 0xff, 0xff, 0xff, 0xff, 0xff, 0xff, 0x80, 0x00, 0x00, 0x00, 0x00, 0x00, 0x0f, 0xff, 0xff, 
	0xff, 0xff, 0xff, 0xff, 0xff, 0xff, 0xff, 0x80, 0x00, 0x00, 0x00, 0x00, 0x00, 0x0f, 0xff, 0xff, 
	0xff, 0xff, 0xff, 0xff, 0xff, 0xff, 0xff, 0x80, 0x00, 0x00, 0x00, 0x00, 0x00, 0x0f, 0xff, 0xff, 
	0xff, 0xff, 0xff, 0xff, 0xff, 0xff, 0xff, 0x80, 0x07, 0xff, 0xff, 0xff, 0x00, 0x0f, 0xff, 0xff, 
	0xff, 0xff, 0xff, 0xff, 0xfe, 0x00, 0x3f, 0x80, 0x07, 0xff, 0xff, 0xff, 0x00, 0x0f, 0xe0, 0x01, 
	0xff, 0xff, 0xff, 0xff, 0xfe, 0x00, 0x3f, 0x80, 0x07, 0xff, 0xff, 0xff, 0x00, 0x0f, 0xe0, 0x01, 
	0xff, 0xff, 0xff, 0xff, 0xfe, 0x00, 0x3f, 0x80, 0x07, 0xff, 0xff, 0xff, 0x00, 0x0f, 0xe0, 0x01, 
	0xff, 0xff, 0xff, 0xff, 0xfe, 0x00, 0x3f, 0x80, 0x07, 0xff, 0xff, 0xff, 0x00, 0x0f, 0xe0, 0x01, 
	0xff, 0xff, 0xff, 0xff, 0xfe, 0x00, 0x3f, 0x80, 0x07, 0xff, 0xff, 0xff, 0x00, 0x0f, 0xe0, 0x01, 
	0xff, 0xff, 0xff, 0xff, 0xfe, 0x00, 0x3f, 0x80, 0x07, 0xff, 0xff, 0xff, 0x00, 0x0f, 0xe0, 0x01, 
	0xff, 0xff, 0xff, 0xff, 0xfe, 0x00, 0x3f, 0x80, 0x07, 0xff, 0xff, 0xff, 0x00, 0x0f, 0xe0, 0x01, 
	0xff, 0xff, 0xff, 0xff, 0xfe, 0x00, 0x1f, 0x80, 0x03, 0xff, 0xff, 0xff, 0x00, 0x07, 0xc0, 0x01, 
	0xff, 0xff, 0xff, 0xff, 0xfe, 0x00, 0x00, 0x00, 0x00, 0x00, 0x00, 0x00, 0x00, 0x00, 0x00, 0x01, 
	0xff, 0xff, 0xff, 0xff, 0xfe, 0x00, 0x00, 0x00, 0x00, 0x00, 0x00, 0x00, 0x00, 0x00, 0x00, 0x01, 
	0xff, 0xff, 0xff, 0xff, 0xfe, 0x00, 0x00, 0x00, 0x00, 0x00, 0x00, 0x00, 0x00, 0x00, 0x00, 0x01, 
	0xff, 0xff, 0xff, 0xff, 0xfe, 0x00, 0x00, 0x00, 0x00, 0x00, 0x00, 0x00, 0x00, 0x00, 0x00, 0x01, 
	0xff, 0xff, 0xff, 0xff, 0xfe, 0x00, 0x00, 0x00, 0x00, 0x00, 0x00, 0x00, 0x00, 0x00, 0x00, 0x01, 
	0xff, 0xff, 0xff, 0xff, 0xfe, 0x00, 0x00, 0x00, 0x00, 0x00, 0x00, 0x00, 0x00, 0x00, 0x00, 0x01, 
	0xff, 0xff, 0xff, 0xff, 0xfe, 0x00, 0x00, 0x00, 0x00, 0x00, 0x00, 0x00, 0x00, 0x00, 0x00, 0x01, 
	0xff, 0xff, 0xff, 0xff, 0xfe, 0x00, 0x00, 0x00, 0x00, 0x00, 0x00, 0x00, 0x00, 0x00, 0x00, 0x01, 
	0xff, 0xff, 0xff, 0xff, 0xfe, 0x00, 0x00, 0x00, 0x00, 0x00, 0x00, 0x00, 0x00, 0x00, 0x00, 0x01, 
	0xff, 0xff, 0xff, 0xff, 0xfe, 0x00, 0x00, 0x00, 0x00, 0x00, 0x00, 0x00, 0x00, 0x00, 0x00, 0x01, 
	0xff, 0xff, 0xff, 0xff, 0xfe, 0x00, 0x00, 0x00, 0x00, 0x00, 0x00, 0x00, 0x00, 0x00, 0x00, 0x01, 
	0xff, 0xff, 0xff, 0xff, 0xfe, 0x00, 0x1f, 0x80, 0x03, 0xff, 0xff, 0xff, 0x00, 0x00, 0x00, 0x07, 
	0xff, 0xff, 0xff, 0xff, 0xfe, 0x00, 0x3f, 0x80, 0x07, 0xff, 0xff, 0xfe, 0x00, 0x00, 0x00, 0x1f, 
	0xff, 0xff, 0xff, 0xff, 0xfe, 0x00, 0x3f, 0x80, 0x07, 0xff, 0xff, 0xf8, 0x00, 0x00, 0x00, 0x7f, 
	0xff, 0xff, 0xff, 0xff, 0xfe, 0x00, 0x3f, 0x80, 0x07, 0xff, 0xff, 0xe0, 0x00, 0x00, 0x01, 0xff, 
	0xff, 0xff, 0xff, 0xff, 0xfe, 0x00, 0x3f, 0x80, 0x07, 0xff, 0xff, 0x80, 0x00, 0x00, 0x07, 0xff, 
	0xff, 0xff, 0xff, 0xff, 0xfe, 0x00, 0x3f, 0x80, 0x07, 0xff, 0xfe, 0x00, 0x00, 0x00, 0x1f, 0xff, 
	0xff, 0xff, 0xff, 0xff, 0xfe, 0x00, 0x3f, 0x80, 0x07, 0xff, 0xfc, 0x00, 0x00, 0x00, 0x7f, 0xff, 
	0xff, 0xff, 0xff, 0xff, 0xfe, 0x00, 0x3f, 0x80, 0x07, 0xff, 0xf0, 0x00, 0x00, 0x01, 0xff, 0xff, 
	0xff, 0xff, 0xff, 0xff, 0xff, 0xff, 0xff, 0x80, 0x07, 0xff, 0xc0, 0x00, 0x00, 0x07, 0xff, 0xff, 
	0xff, 0xff, 0xff, 0xff, 0xff, 0xff, 0xff, 0x80, 0x07, 0xff, 0x00, 0x00, 0x00, 0x0f, 0xff, 0xff, 
	0xff, 0xff, 0xff, 0xff, 0xff, 0xff, 0xff, 0x80, 0x07, 0xfc, 0x00, 0x00, 0x00, 0x0f, 0xff, 0xff, 
	0xff, 0xff, 0xff, 0xff, 0xff, 0xff, 0xff, 0x80, 0x07, 0xf0, 0x00, 0x00, 0x00, 0x0f, 0xff, 0xff, 
	0xff, 0xff, 0xff, 0xff, 0xff, 0xff, 0xff, 0x80, 0x07, 0xc0, 0x00, 0x00, 0x00, 0x0f, 0xff, 0xff, 
	0xff, 0xff, 0xff, 0xff, 0xff, 0xff, 0xff, 0x80, 0x07, 0x00, 0x00, 0x00, 0x00, 0x0f, 0xff, 0xff, 
	0xff, 0xff, 0xff, 0xff, 0xff, 0xff, 0xff, 0x80, 0x00, 0x00, 0x00, 0x00, 0x00, 0x0f, 0xff, 0xff, 
	0xff, 0xff, 0xff, 0xff, 0xff, 0xff, 0xff, 0x80, 0x00, 0x00, 0x00, 0x00, 0x00, 0x0f, 0xff, 0xff, 
	0xff, 0xff, 0xff, 0xff, 0xff, 0xff, 0xff, 0x80, 0x00, 0x00, 0x00, 0x03, 0x00, 0x0f, 0xff, 0xff, 
	0xff, 0xff, 0xff, 0xff, 0xff, 0xff, 0xff, 0x80, 0x00, 0x00, 0x00, 0x0f, 0x00, 0x0f, 0xff, 0xff, 
	0xff, 0xff, 0xff, 0xff, 0xff, 0xff, 0xff, 0x80, 0x00, 0x00, 0x00, 0x3f, 0x00, 0x0f, 0xff, 0xff, 
	0xff, 0xff, 0xff, 0xff, 0xff, 0xff, 0xff, 0x80, 0x00, 0x00, 0x00, 0xff, 0x00, 0x0f, 0xff, 0xff, 
	0xff, 0xff, 0xff, 0xff, 0xff, 0xff, 0xff, 0x80, 0x00, 0x00, 0x03, 0xff, 0x00, 0x0f, 0xff, 0xff, 
	0xff, 0xff, 0xff, 0xff, 0xff, 0xff, 0xff, 0x00, 0x00, 0x00, 0x0f, 0xff, 0x00, 0x0f, 0xff, 0xff, 
	0xff, 0xff, 0xff, 0xff, 0xff, 0xff, 0xfc, 0x00, 0x00, 0x00, 0x3f, 0xff, 0x00, 0x0f, 0xe0, 0x01, 
	0xff, 0xff, 0xff, 0xff, 0xff, 0xff, 0xf8, 0x00, 0x00, 0x00, 0xff, 0xff, 0x00, 0x0f, 0xe0, 0x01, 
	0xff, 0xff, 0xff, 0xff, 0xff, 0xff, 0xe0, 0x00, 0x00, 0x03, 0xff, 0xff, 0x00, 0x0f, 0xe0, 0x01, 
	0xff, 0xff, 0xff, 0xff, 0xff, 0xff, 0x80, 0x00, 0x00, 0x0f, 0xff, 0xff, 0x00, 0x0f, 0xe0, 0x01, 
	0xff, 0xff, 0xff, 0xff, 0xff, 0xfe, 0x00, 0x00, 0x00, 0x3f, 0xff, 0xff, 0x00, 0x0f, 0xe0, 0x01, 
	0xff, 0xff, 0xff, 0xff, 0xff, 0xf8, 0x00, 0x00, 0x00, 0xff, 0xff, 0xff, 0x00, 0x0f, 0xe0, 0x01, 
	0xff, 0xff, 0xff, 0xff, 0xff, 0xe0, 0x00, 0x00, 0x03, 0xff, 0xff, 0xff, 0x00, 0x0f, 0xe0, 0x01, 
	0xff, 0xff, 0xff, 0xff, 0xff, 0x80, 0x00, 0x00, 0x01, 0xff, 0xff, 0xff, 0x00, 0x07, 0xc0, 0x01, 
	0xff, 0xff, 0xff, 0xff, 0xfe, 0x00, 0x00, 0x00, 0x00, 0x00, 0x00, 0x00, 0x00, 0x00, 0x00, 0x01, 
	0xff, 0xff, 0xff, 0xff, 0xfe, 0x00, 0x00, 0x00, 0x00, 0x00, 0x00, 0x00, 0x00, 0x00, 0x00, 0x01, 
	0xff, 0xff, 0xff, 0xff, 0xfe, 0x00, 0x00, 0x00, 0x00, 0x00, 0x00, 0x00, 0x00, 0x00, 0x00, 0x01, 
	0xff, 0xff, 0xff, 0xff, 0xfe, 0x00, 0x00, 0x00, 0x00, 0x00, 0x00, 0x00, 0x00, 0x00, 0x00, 0x01, 
	0xff, 0xff, 0xff, 0xff, 0xfe, 0x00, 0x00, 0x00, 0x00, 0x00, 0x00, 0x00, 0x00, 0x00, 0x00, 0x01, 
	0xff, 0xff, 0xff, 0xff, 0xfe, 0x00, 0x00, 0x00, 0x00, 0x00, 0x00, 0x00, 0x00, 0x00, 0x00, 0x01, 
	0xff, 0xff, 0xff, 0xff, 0xfe, 0x00, 0x00, 0x00, 0x00, 0x00, 0x00, 0x00, 0x00, 0x00, 0x00, 0x01, 
	0xff, 0xff, 0xff, 0xff, 0xfe, 0x00, 0x00, 0x00, 0x00, 0x00, 0x00, 0x00, 0x00, 0x00, 0x00, 0x01, 
	0xff, 0xff, 0xff, 0xff, 0xfe, 0x00, 0x00, 0x00, 0x00, 0x00, 0x00, 0x00, 0x00, 0x00, 0x00, 0x01, 
	0xff, 0xff, 0xff, 0xff, 0xfe, 0x00, 0x00, 0x00, 0x00, 0x00, 0x00, 0x00, 0x00, 0x00, 0x00, 0x01, 
	0xff, 0xff, 0xff, 0xff, 0xfe, 0x00, 0x00, 0x00, 0x00, 0x00, 0x00, 0x00, 0x00, 0x00, 0x00, 0x01, 
	0xff, 0xff, 0xff, 0xff, 0xff, 0xff, 0xff, 0x80, 0x03, 0xff, 0xff, 0xff, 0x00, 0x07, 0xe0, 0x01, 
	0xff, 0xff, 0xff, 0xff, 0xff, 0xff, 0xff, 0x80, 0x07, 0xff, 0xff, 0xff, 0x00, 0x0f, 0xe0, 0x01, 
	0xff, 0xff, 0xff, 0xff, 0xff, 0xff, 0xff, 0x80, 0x07, 0xff, 0xff, 0xff, 0x00, 0x0f, 0xe0, 0x01, 
	0xff, 0xff, 0xff, 0xff, 0xff, 0xff, 0xff, 0x80, 0x07, 0xff, 0xff, 0xff, 0x00, 0x0f, 0xe0, 0x01, 
	0xff, 0xff, 0xff, 0xff, 0xff, 0xff, 0xff, 0x80, 0x07, 0xff, 0xff, 0xff, 0x00, 0x0f, 0xe0, 0x01, 
	0xff, 0xff, 0xff, 0xff, 0xff, 0xff, 0xff, 0x80, 0x07, 0xff, 0xff, 0xff, 0x00, 0x0f, 0xe0, 0x01, 
	0xff, 0xf0, 0x3f, 0xff, 0xff, 0xff, 0xff, 0x80, 0x07, 0xff, 0xff, 0xff, 0x00, 0x0f, 0xe0, 0x01, 
	0xff, 0xe0, 0x0f, 0xff, 0xe0, 0x00, 0xff, 0x80, 0x03, 0xff, 0xff, 0xfe, 0x00, 0x0f, 0xe0, 0x01, 
	0xff, 0xc0, 0x0f, 0xff, 0xe0, 0x00, 0xff, 0x80, 0x01, 0xff, 0xff, 0xfc, 0x00, 0x0f, 0xff, 0xff, 
	0xff, 0xc0, 0x07, 0xff, 0xe0, 0x00, 0xff, 0x80, 0x00, 0x00, 0x00, 0x00, 0x00, 0x0f, 0xff, 0xff, 
	0xff, 0x87, 0xc7, 0xff, 0xff, 0xe1, 0xff, 0x80, 0x00, 0x00, 0x00, 0x00, 0x00, 0x0f, 0xff, 0xff, 
	0xff, 0x8f, 0xe3, 0xff, 0xff, 0x83, 0xff, 0xc0, 0x00, 0x00, 0x00, 0x00, 0x00, 0x0f, 0xff, 0xff, 
	0xff, 0x8f, 0xe3, 0xff, 0xff, 0x07, 0xff, 0xc0, 0x00, 0x00, 0x00, 0x00, 0x00, 0x1f, 0xff, 0xff, 
	0xff, 0x8f, 0xe3, 0xff, 0xfc, 0x1f, 0xff, 0xe0, 0x00, 0x00, 0x00, 0x00, 0x00, 0x3f, 0xff, 0xff, 
	0xff, 0x8f, 0xe3, 0xff, 0xf8, 0x3f, 0xff, 0xf0, 0x00, 0x00, 0x00, 0x00, 0x00, 0x7f, 0xff, 0xff, 
	0xff, 0xcf, 0xe7, 0xff, 0xf0, 0x7f, 0xff, 0xf8, 0x00, 0x00, 0x00, 0x00, 0x00, 0xff, 0xff, 0xff, 
	0xff, 0xff, 0xff, 0xff, 0xe0, 0x00, 0xff, 0xfc, 0x00, 0x00, 0x00, 0x00, 0x01, 0xff, 0xff, 0xff, 
	0xff, 0xff, 0xff, 0xff, 0xe0, 0x00, 0xff, 0xfe, 0x00, 0x00, 0x00, 0x00, 0x03, 0xff, 0xff, 0xff, 
	0xff, 0xe0, 0x7f, 0xff, 0xe0, 0x00, 0xff, 0xff, 0x00, 0x00, 0x00, 0x00, 0x07, 0xff, 0xff, 0xff, 
	0xff, 0xc0, 0x3f, 0xff, 0xff, 0xff, 0xff, 0xff, 0x80, 0x00, 0x00, 0x00, 0x0f, 0xff, 0xff, 0xff, 
	0xff, 0xc0, 0x3f, 0xff, 0xff, 0xff, 0xff, 0xff, 0xe0, 0x00, 0x00, 0x00, 0x1f, 0xff, 0xff, 0xff, 
	0xff, 0x86, 0x1f, 0xff, 0xf8, 0x1f, 0xff, 0xff, 0xff, 0xff, 0xff, 0xff, 0xff, 0xff, 0xff, 0xff, 
	0xff, 0x8f, 0x1f, 0xff, 0xf0, 0x0f, 0xff, 0xff, 0xff, 0xff, 0xff, 0xff, 0xff, 0xff, 0xff, 0xff, 
	0xff, 0x8f, 0x1f, 0xff, 0xf0, 0x0f, 0xff, 0xff, 0xff, 0xff, 0xff, 0xff, 0xff, 0xff, 0xff, 0xff, 
	0xff, 0x86, 0x1f, 0xff, 0xe1, 0x87, 0xff, 0xfe, 0x3f, 0x87, 0xff, 0xff, 0xff, 0xff, 0xff, 0xff, 
	0xff, 0xc0, 0x3f, 0xff, 0xe3, 0xc7, 0xff, 0xfc, 0x1f, 0x07, 0xff, 0xff, 0xff, 0xff, 0xff, 0xff, 
	0xff, 0xc0, 0x3f, 0xff, 0xe3, 0xc7, 0xff, 0xfc, 0x1f, 0x07, 0xff, 0xff, 0xff, 0xff, 0xff, 0xff, 
	0xff, 0xe0, 0x7f, 0xff, 0xe1, 0x87, 0xff, 0x86, 0x31, 0x84, 0x3f, 0x80, 0x00, 0x00, 0x01, 0xff, 
	0xff, 0xff, 0xff, 0xff, 0xf0, 0x0f, 0xff, 0x83, 0xe0, 0xfc, 0x3f, 0x80, 0x00, 0x00, 0x01, 0xff, 
	0xff, 0xff, 0xff, 0xff, 0xf0, 0x0f, 0xff, 0x83, 0xe0, 0xfc, 0x3f, 0x80, 0x00, 0x00, 0x01, 0xff, 
	0xff, 0x80, 0x1f, 0xff, 0xf8, 0x1f, 0xff, 0x86, 0x31, 0x84, 0x3f, 0x80, 0x00, 0x00, 0x01, 0xff, 
	0xff, 0x80, 0x1f, 0xff, 0xff, 0xff, 0xff, 0xfc, 0x1f, 0x07, 0xff, 0x80, 0x00, 0x00, 0x01, 0xff, 
	0xff, 0x80, 0x1f, 0xff, 0xff, 0xff, 0xff, 0xfc, 0x1f, 0x07, 0xff, 0x80, 0x00, 0x00, 0x01, 0xff, 
	0xff, 0x80, 0x1f, 0xff, 0xff, 0xc7, 0xff, 0x86, 0x31, 0x84, 0x3f, 0x80, 0x00, 0x00, 0x01, 0xff, 
	0xff, 0xff, 0x7f, 0xff, 0xf8, 0x01, 0xff, 0x83, 0xe0, 0xfc, 0x3f, 0x80, 0x00, 0x00, 0x01, 0xff, 
	0xff, 0xff, 0x3f, 0xff, 0xf0, 0x01, 0xff, 0x83, 0xe0, 0xfc, 0x3f, 0x80, 0x00, 0x00, 0x01, 0xff, 
	0xff, 0x80, 0x1f, 0xff, 0xe0, 0x01, 0xff, 0x86, 0x31, 0x84, 0x3f, 0x81, 0xf8, 0x1f, 0x81, 0xff, 
	0xff, 0x80, 0x1f, 0xff, 0xe1, 0xc7, 0xff, 0xfc, 0x1f, 0x07, 0xff, 0x81, 0xf8, 0x1f, 0x81, 0xff, 
	0xff, 0x80, 0x3f, 0xff, 0xe3, 0xc7, 0xff, 0xfc, 0x1f, 0x07, 0xff, 0x81, 0xf8, 0x1f, 0x81, 0xff, 
	0xff, 0x80, 0x7f, 0xff, 0xff, 0xff, 0xff, 0x86, 0x30, 0x84, 0x3f, 0x81, 0xf8, 0x1f, 0x81, 0xff, 
	0xff, 0xff, 0x7f, 0xff, 0xff, 0xff, 0xff, 0x83, 0xe0, 0xfc, 0x3f, 0x81, 0xf8, 0x1f, 0x81, 0xff, 
	0xff, 0xff, 0x3f, 0xff, 0xe0, 0x07, 0xff, 0x83, 0xe0, 0xfc, 0x3f, 0x81, 0xf8, 0x0f, 0x01, 0xff, 
	0xff, 0xfe, 0x1f, 0xff, 0xe0, 0x07, 0xff, 0x84, 0x31, 0x84, 0x3f, 0x80, 0xf0, 0x00, 0x01, 0xff, 
	0xff, 0x80, 0x1f, 0xff, 0xe0, 0x07, 0xff, 0xfc, 0x1f, 0x07, 0xff, 0x80, 0x00, 0x00, 0x03, 0xff, 
	0xff, 0x80, 0x3f, 0xff, 0xe0, 0x07, 0xff, 0xfc, 0x1f, 0x07, 0xff, 0xc0, 0x00, 0x00, 0x03, 0xff, 
	0xff, 0x80, 0x7f, 0xff, 0xff, 0xcf, 0xff, 0x86, 0x30, 0x84, 0x3f, 0xc0, 0x00, 0x00, 0x03, 0xff, 
	0xff, 0xff, 0xff, 0xff, 0xff, 0xcf, 0xff, 0x83, 0xe0, 0xf8, 0x1f, 0xc0, 0x00, 0x40, 0x03, 0xff, 
	0xff, 0xff, 0xff, 0xff, 0xff, 0xc7, 0xff, 0x83, 0xe0, 0xfc, 0x3f, 0xc0, 0x00, 0xc0, 0x07, 0xff, 
	0xf8, 0x00, 0x1f, 0xff, 0xff, 0xff, 0xff, 0x84, 0x31, 0x84, 0x3f, 0xe0, 0x00, 0xe0, 0x07, 0xff, 
	0xf8, 0x00, 0x1f, 0xff, 0xf8, 0x1f, 0xff, 0xfc, 0x1f, 0x07, 0xff, 0xf0, 0x01, 0xf0, 0x0f, 0xff, 
	0xf8, 0x00, 0x1f, 0xff, 0xf0, 0x0f, 0xff, 0xcc, 0x11, 0x06, 0x7f, 0xf8, 0x01, 0xf8, 0x1f, 0xff, 
	0xf8, 0x00, 0x1f, 0xff, 0xf0, 0x0f, 0xff, 0x86, 0x30, 0x84, 0x3f, 0xfc, 0x07, 0xff, 0xff, 0xff, 
	0xff, 0xcf, 0x3f, 0xff, 0xe2, 0x47, 0xff, 0x83, 0xe0, 0xf8, 0x1f, 0xff, 0xff, 0xff, 0xff, 0xff, 
	0xff, 0x8f, 0x1f, 0xff, 0xe2, 0x67, 0xff, 0x82, 0x20, 0xcc, 0x3f, 0xff, 0xff, 0xff, 0xff, 0xff, 
	0xff, 0x87, 0x1f, 0xff, 0xe2, 0x67, 0xff, 0xc4, 0x31, 0x84, 0x3f, 0xff, 0xff, 0xff, 0xff, 0xff, 
	0xff, 0x80, 0x1f, 0xff, 0xe2, 0x0f, 0xff, 0xfc, 0x1f, 0x07, 0xff, 0xff, 0xff, 0xff, 0xff, 0xff, 
	0xff, 0xc0, 0x3f, 0xff, 0xf2, 0x0f, 0xff, 0xc4, 0x11, 0x86, 0x7f, 0x80, 0x00, 0x01, 0xff, 0xff, 
	0xff, 0xe0, 0x3f, 0xff, 0xfe, 0x1f, 0xff, 0x86, 0x30, 0x84, 0x3f, 0x80, 0x00, 0x01, 0xff, 0xff, 
	0xff, 0xff, 0xff, 0xff, 0xff, 0xff, 0xff, 0x83, 0xe0, 0xf8, 0x1f, 0x80, 0x00, 0x01, 0xff, 0xff, 
	0xff, 0xff, 0xff, 0xff, 0xff, 0xff, 0xff, 0x86, 0x20, 0x8c, 0x3f, 0x80, 0x00, 0x01, 0xff, 0xff, 
	0xff, 0xe0, 0x1f, 0xff, 0xff, 0xff, 0xff, 0xc4, 0x31, 0x84, 0x3f, 0x80, 0x00, 0x01, 0xff, 0xff, 
	0xff, 0xc0, 0x1f, 0xff, 0xff, 0xff, 0xff, 0xfc, 0x1f, 0x07, 0xff, 0x80, 0x00, 0x01, 0xff, 0xff, 
	0xff, 0x80, 0x1f, 0xff, 0xff, 0xff, 0xff, 0xc4, 0x11, 0x86, 0x7f, 0x80, 0x00, 0x01, 0xff, 0xff, 
	0xff, 0x80, 0x1f, 0xff, 0xff, 0xff, 0xff, 0x86, 0x30, 0x8c, 0x3f, 0x80, 0x00, 0x01, 0xff, 0xff, 
	0xff, 0x8f, 0xff, 0xff, 0xff, 0xff, 0xff, 0x83, 0xe0, 0xf8, 0x1f, 0x80, 0x00, 0x01, 0xff, 0xff, 
	0xff, 0xcf, 0xff, 0xff, 0xff, 0xff, 0xff, 0x86, 0x20, 0x8c, 0x3f, 0xff, 0xfc, 0x1f, 0xff, 0xff, 
	0xff, 0x80, 0x1f, 0xff, 0xe0, 0x00, 0xff, 0xc4, 0x31, 0x84, 0x3f, 0xff, 0xfe, 0x07, 0xff, 0xff, 
	0xff, 0x80, 0x1f, 0xff, 0xe0, 0x00, 0xff, 0xfc, 0x1f, 0x07, 0xff, 0xff, 0xff, 0x03, 0xff, 0xff, 
	0xff, 0x80, 0x1f, 0xff, 0xe0, 0x00, 0xff, 0xc4, 0x11, 0x86, 0x7f, 0xff, 0xff, 0x03, 0xff, 0xff, 
	0xff, 0x80, 0x1f, 0xff, 0xe3, 0xf8, 0xff, 0x86, 0x30, 0x8c, 0x3f, 0xff, 0xff, 0x01, 0xff, 0xff, 
	0xff, 0xff, 0xff, 0xff, 0xe3, 0xf8, 0xff, 0x83, 0xe0, 0xf8, 0x1f, 0xff, 0xff, 0x01, 0xff, 0xff, 
	0xff, 0xff, 0xff, 0xff, 0xe3, 0xf8, 0xff, 0x86, 0x20, 0x8c, 0x3f, 0xff, 0xff, 0x01, 0xff, 0xff, 
	0xff, 0xff, 0x1f, 0xff, 0xe1, 0xf8, 0xff, 0xc4, 0x31, 0x84, 0x3f, 0xff, 0xff, 0xff, 0xff, 0xff, 
	0xff, 0xe0, 0x07, 0xff, 0xf0, 0xe1, 0xff, 0xfc, 0x1f, 0x07, 0xff, 0xff, 0xff, 0xff, 0xff, 0xff, 
	0xff, 0xc0, 0x07, 0xff, 0xf0, 0x01, 0xff, 0xc4, 0x11, 0x86, 0x7f, 0xf8, 0x7f, 0xff, 0xff, 0xff, 
	0xff, 0x80, 0x07, 0xff, 0xf8, 0x01, 0xff, 0x86, 0x30, 0x8c, 0x3f, 0xe0, 0x1f, 0xff, 0xff, 0xff, 
	0xff, 0x87, 0x1f, 0xff, 0xfc, 0x03, 0xff, 0x83, 0xe0, 0xf8, 0x1f, 0xc0, 0x0f, 0x07, 0xff, 0xff, 
	0xff, 0x8f, 0x1f, 0xff, 0xff, 0xbf, 0xff, 0x86, 0x20, 0x8c, 0x3f, 0xc0, 0x07, 0x07, 0xff, 0xff, 
	0xff, 0xff, 0xff, 0xff, 0xff, 0xff, 0xff, 0xc4, 0x31, 0x84, 0x3f, 0xc0, 0x07, 0x83, 0xff, 0xff, 
	0xff, 0xff, 0xff, 0xff, 0xf0, 0xff, 0xff, 0xfc, 0x1f, 0x07, 0xff, 0x80, 0x03, 0x83, 0xff, 0xff, 
	0xff, 0xe0, 0x7f, 0xff, 0xe0, 0xef, 0xff, 0xc4, 0x11, 0x84, 0x3f, 0x80, 0x03, 0xc3, 0xff, 0xff, 
	0xff, 0xc0, 0x3f, 0xff, 0xe0, 0xe7, 0xff, 0x86, 0x30, 0x8c, 0x3f, 0x80, 0x03, 0xc3, 0xff, 0xff, 
	0xff, 0xc0, 0x3f, 0xff, 0xe6, 0x67, 0xff, 0x83, 0xe0, 0xf8, 0x1f, 0x83, 0xc3, 0xc1, 0xff, 0xff, 
	0xff, 0x89, 0x1f, 0xff, 0xf6, 0x67, 0xff, 0x86, 0x20, 0x8c, 0x3f, 0xc3, 0xe3, 0xc1, 0xff, 0xff, 
	0xff, 0x89, 0x9f, 0xff, 0xe0, 0x07, 0xff, 0xc4, 0x11, 0x84, 0x3f, 0xc3, 0xe3, 0xc1, 0xff, 0xff, 
	0xff, 0x89, 0x9f, 0xff, 0xe0, 0x0f, 0xff, 0xfc, 0x1f, 0x07, 0xff, 0xe3, 0xe1, 0xc1, 0xff, 0xff, 
	0xff, 0x88, 0x3f, 0xff, 0xe0, 0x0f, 0xff, 0xc4, 0x11, 0x84, 0x3f, 0xf1, 0xe1, 0x81, 0xff, 0xff, 
	0xff, 0xc8, 0x3f, 0xff, 0xe0, 0x7f, 0xff, 0x86, 0x20, 0x8c, 0x3f, 0x80, 0x00, 0x01, 0xff, 0xff, 
	0xff, 0xf8, 0x7f, 0xff, 0xff, 0xff, 0xff, 0x83, 0xe0, 0xf8, 0x1f, 0x80, 0x00, 0x03, 0xff, 0xff, 
	0xff, 0xff, 0xff, 0xff, 0xff, 0xff, 0xff, 0x86, 0x20, 0x8c, 0x3f, 0x80, 0x00, 0x03, 0xff, 0xff, 
	0xff, 0xff, 0xff, 0xff, 0xe0, 0x07, 0xff, 0xc4, 0x11, 0x84, 0x3f, 0x80, 0x00, 0x03, 0xff, 0xff, 
	0xff, 0x80, 0x1f, 0xff, 0xe0, 0x07, 0xff, 0xfc, 0x1f, 0x07, 0xff, 0x80, 0x00, 0x07, 0xff, 0xff, 
	0xff, 0x80, 0x1f, 0xff, 0xe0, 0x07, 0xff, 0xc4, 0x11, 0x84, 0x3f, 0x80, 0x00, 0x07, 0xff, 0xff, 
	0xff, 0x80, 0x1f, 0xff, 0xe0, 0x07, 0xff, 0x86, 0x20, 0x8c, 0x3f, 0x80, 0x00, 0x1f, 0xff, 0xff, 
	0xff, 0x80, 0x1f, 0xff, 0xff, 0xdf, 0xff, 0x83, 0xe0, 0xf8, 0x1f, 0x80, 0x00, 0x7f, 0xff, 0xff, 
	0xff, 0xff, 0x3f, 0xff, 0xff, 0xcf, 0xff, 0x86, 0x20, 0x8c, 0x3f, 0xff, 0xff, 0xff, 0xff, 0xff, 
	0xff, 0xff, 0x3f, 0xff, 0xe0, 0x07, 0xff, 0xc4, 0x11, 0x84, 0x3f, 0xff, 0xff, 0xff, 0xff, 0xff, 
	0xff, 0xff, 0x1f, 0xff, 0xe0, 0x07, 0xff, 0xfc, 0x1f, 0x07, 0xff, 0xff, 0xff, 0xff, 0xff, 0xff, 
	0xff, 0xff, 0xff, 0xff, 0xe0, 0x0f, 0xff, 0xc4, 0x11, 0x84, 0x3f, 0xff, 0xff, 0xff, 0xff, 0xff, 
	0xff, 0xff, 0xff, 0xff, 0xe0, 0x1f, 0xff, 0x86, 0x20, 0x8c, 0x3f, 0x80, 0x00, 0x01, 0xff, 0xff, 
	0xff, 0xff, 0xff, 0xff, 0xff, 0xdf, 0xff, 0x83, 0xe0, 0xf8, 0x1f, 0x80, 0x00, 0x01, 0xff, 0xff, 
	0xff, 0xff, 0xff, 0xff, 0xff, 0xcf, 0xff, 0x86, 0x30, 0x8c, 0x3f, 0x80, 0x00, 0x01, 0xff, 0xff, 
	0xff, 0xff, 0xff, 0xff, 0xff, 0x87, 0xff, 0xc4, 0x11, 0x84, 0x3f, 0x80, 0x00, 0x01, 0xff, 0xff, 
	0xff, 0xff, 0xff, 0xff, 0xe0, 0x07, 0xff, 0xfc, 0x1f, 0x07, 0xff, 0x80, 0x00, 0x01, 0xff, 0xff, 
	0xff, 0xff, 0xff, 0xff, 0xe0, 0x0f, 0xff, 0xc4, 0x31, 0x84, 0x3f, 0x80, 0x00, 0x01, 0xff, 0xff, 
	0xff, 0x80, 0x03, 0xff, 0xe0, 0x1f, 0xff, 0x86, 0x20, 0x8c, 0x3f, 0x80, 0x00, 0x01, 0xff, 0xff, 
	0xff, 0x80, 0x03, 0xff, 0xff, 0xff, 0xff, 0x83, 0xe0, 0xf8, 0x1f, 0x80, 0x00, 0x01, 0xff, 0xff, 
	0xff, 0x80, 0x03, 0xff, 0xff, 0xff, 0xff, 0x86, 0x30, 0x8c, 0x3f, 0x80, 0x00, 0x01, 0xff, 0xff, 
	0xff, 0x8c, 0x63, 0xff, 0xf8, 0x1f, 0xff, 0xc4, 0x11, 0x86, 0x7f, 0xff, 0xff, 0x0f, 0xff, 0xff, 
	0xff, 0x8c, 0x63, 0xff, 0xf0, 0x0f, 0xff, 0xfc, 0x1f, 0x07, 0xff, 0xff, 0xff, 0x87, 0xff, 0xff, 
	0xff, 0x8c, 0x63, 0xff, 0xf0, 0x0f, 0xff, 0xc4, 0x31, 0x84, 0x3f, 0xff, 0xff, 0x83, 0xff, 0xff, 
	0xff, 0x8c, 0x63, 0xff, 0xe2, 0x47, 0xff, 0x86, 0x20, 0x8c, 0x3f, 0xff, 0xff, 0x83, 0xff, 0xff, 
	0xff, 0x8f, 0xff, 0xff, 0xe2, 0x67, 0xff, 0x83, 0xe0, 0xf8, 0x1f, 0xff, 0xff, 0x03, 0xff, 0xff, 
	0xff, 0xff, 0xff, 0xff, 0xe2, 0x67, 0xff, 0x86, 0x30, 0x8c, 0x3f, 0x80, 0x00, 0x01, 0xff, 0xff, 
	0xff, 0x80, 0x1f, 0xff, 0xe2, 0x0f, 0xff, 0xc4, 0x11, 0x86, 0x7f, 0x80, 0x00, 0x01, 0xff, 0xff, 
	0xff, 0x80, 0x1f, 0xff, 0xf2, 0x0f, 0xff, 0xfc, 0x1f, 0x07, 0xff, 0x80, 0x00, 0x01, 0xff, 0xff, 
	0xff, 0x80, 0x1f, 0xff, 0xfe, 0x1f, 0xff, 0xc4, 0x31, 0x84, 0x3f, 0x80, 0x00, 0x01, 0xff, 0xff, 
	0xff, 0x80, 0x1f, 0xff, 0xff, 0xff, 0xff, 0x86, 0x20, 0x8c, 0x3f, 0x80, 0x00, 0x03, 0xff, 0xff, 
	0xff, 0xff, 0x7f, 0xff, 0xff, 0xff, 0xff, 0x83, 0xe0, 0xf8, 0x1f, 0x80, 0x00, 0x03, 0xff, 0xff, 
	0xff, 0xff, 0x3f, 0xff, 0xff, 0xff, 0xff, 0x86, 0x30, 0x8c, 0x3f, 0x80, 0x00, 0x07, 0xff, 0xff, 
	0xff, 0x80, 0x1f, 0xff, 0xff, 0xff, 0xff, 0xc4, 0x11, 0x86, 0x7f, 0x80, 0x00, 0x0f, 0xff, 0xff, 
	0xff, 0x80, 0x1f, 0xff, 0xff, 0xff, 0xff, 0xfc, 0x1f, 0x07, 0xff, 0x80, 0x00, 0x7f, 0xff, 0xff, 
	0xff, 0x80, 0x3f, 0xff, 0xff, 0xff, 0xff, 0xc4, 0x31, 0x84, 0x3f, 0xff, 0xff, 0xff, 0xff, 0xff, 
	0xff, 0x80, 0x7f, 0xff, 0xff, 0xff, 0xff, 0x86, 0x20, 0x8c, 0x3f, 0xff, 0xff, 0xff, 0xff, 0xff, 
	0xff, 0xff, 0xff, 0xff, 0xff, 0xff, 0xff, 0x83, 0xe0, 0xf8, 0x1f, 0xff, 0xff, 0xff, 0xff, 0xff, 
	0xff, 0xff, 0xff, 0xff, 0xff, 0xff, 0xff, 0x86, 0x30, 0x84, 0x3f, 0xff, 0xef, 0xff, 0xff, 0xff, 
	0xff, 0xe0, 0x7f, 0xff, 0xff, 0xff, 0xff, 0xc4, 0x11, 0x86, 0x7f, 0xfc, 0x00, 0x7f, 0xff, 0xff, 
	0xf8, 0xc0, 0x3f, 0xff, 0xff, 0xff, 0xff, 0xfc, 0x1f, 0x07, 0xff, 0xf0, 0x00, 0x1f, 0xff, 0xff, 
	0xf8, 0x80, 0x3f, 0xff, 0xff, 0xff, 0xff, 0xc4, 0x31, 0x84, 0x3f, 0xe0, 0x00, 0x0f, 0xff, 0xff, 
	0xf8, 0x86, 0x1f, 0xff, 0xff, 0xff, 0xff, 0x82, 0x20, 0xcc, 0x3f, 0xe0, 0x00, 0x07, 0xff, 0xff, 
	0xf8, 0x8f, 0x1f, 0xff, 0xff, 0xff, 0xff, 0x83, 0xe0, 0xf8, 0x1f, 0xc0, 0x00, 0x03, 0xff, 0xff, 
	0xf8, 0xcf, 0x3f, 0xff, 0xff, 0xff, 0xff, 0x86, 0x30, 0x84, 0x3f, 0xc0, 0x00, 0x03, 0xff, 0xff, 
	0xfc, 0x46, 0x3f, 0xff, 0xff, 0xff, 0xff, 0xcc, 0x11, 0x06, 0x7f, 0x80, 0x00, 0x03, 0xff, 0xff, 
	0xfc, 0x00, 0x1f, 0xff, 0xff, 0xff, 0xff, 0xfc, 0x1f, 0x07, 0xff, 0x80, 0x00, 0x01, 0xff, 0xff, 
	0xfe, 0x00, 0x1f, 0xff, 0xff, 0xff, 0xff, 0x84, 0x31, 0x84, 0x3f, 0x80, 0x7c, 0x01, 0xff, 0xff, 
	0xff, 0x00, 0x1f, 0xff, 0xff, 0xff, 0xff, 0x83, 0xe0, 0xfc, 0x3f, 0x81, 0xfe, 0x01, 0xff, 0xff, 
	0xff, 0xff, 0xff, 0xff, 0xff, 0xff, 0xff, 0x83, 0xe0, 0xf8, 0x1f, 0xc1, 0xff, 0x01, 0xff, 0xff, 
	0xff, 0xff, 0xff, 0xff, 0xff, 0xff, 0xff, 0x86, 0x30, 0x84, 0x3f, 0xc1, 0xff, 0x03, 0xff, 0xff, 
	0xff, 0x80, 0x1b, 0xff, 0xff, 0xff, 0xff, 0xfc, 0x1f, 0x07, 0xff, 0xc1, 0xff, 0x03, 0xff, 0xff, 
	0xff, 0x80, 0x11, 0xff, 0xff, 0xff, 0xff, 0xfc, 0x1f, 0x07, 0xff, 0xe0, 0xff, 0x07, 0xff, 0xff, 
	0xff, 0x80, 0x11, 0xff, 0xff, 0xff, 0xff, 0x84, 0x31, 0x84, 0x3f, 0xe0, 0x7c, 0x0f, 0xff, 0xff, 
	0xff, 0x80, 0x1b, 0xff, 0xff, 0xff, 0xff, 0x83, 0xe0, 0xfc, 0x3f, 0x80, 0x00, 0x00, 0x00, 0x7f, 
	0xff, 0xff, 0xff, 0xff, 0xff, 0xff, 0xff, 0x83, 0xe0, 0xfc, 0x3f, 0x80, 0x00, 0x00, 0x00, 0x7f, 
	0xff, 0xff, 0xff, 0xff, 0xff, 0xff, 0xff, 0x86, 0x30, 0x84, 0x3f, 0x80, 0x00, 0x00, 0x00, 0x7f, 
	0xff, 0x80, 0x1f, 0xff, 0xff, 0xff, 0xff, 0xfc, 0x1f, 0x07, 0xff, 0x80, 0x00, 0x00, 0x00, 0x7f, 
	0xff, 0x80, 0x1f, 0xff, 0xff, 0xff, 0xff, 0xfc, 0x1f, 0x07, 0xff, 0x80, 0x00, 0x00, 0x00, 0x7f, 
	0xff, 0x80, 0x1f, 0xff, 0xff, 0xff, 0xff, 0x86, 0x31, 0x84, 0x3f, 0x80, 0x00, 0x00, 0x00, 0x7f, 
	0xff, 0x80, 0x1f, 0xff, 0xff, 0xff, 0xff, 0x83, 0xe0, 0xfc, 0x3f, 0x80, 0x00, 0x00, 0x00, 0x7f, 
	0xff, 0xff, 0x7f, 0xff, 0xff, 0xff, 0xff, 0x83, 0xe0, 0xfc, 0x3f, 0x80, 0x00, 0x00, 0x00, 0x7f, 
	0xff, 0xff, 0x3f, 0xff, 0xff, 0xff, 0xff, 0x86, 0x31, 0x84, 0x3f, 0xff, 0xff, 0xff, 0xff, 0xff, 
	0xff, 0x80, 0x1f, 0xff, 0xff, 0xff, 0xff, 0xfc, 0x1f, 0x07, 0xff, 0xff, 0xff, 0xff, 0xff, 0xff, 
	0xff, 0x80, 0x1f, 0xff, 0xff, 0xff, 0xff, 0xfc, 0x1f, 0x07, 0xff, 0xff, 0xff, 0xff, 0xff, 0xff, 
	0xff, 0x80, 0x3f, 0xff, 0xff, 0xff, 0xff, 0x86, 0x31, 0x84, 0x3f, 0xff, 0xff, 0xff, 0xff, 0xff, 
	0xff, 0x80, 0x7f, 0xff, 0xff, 0xff, 0xff, 0x83, 0xe0, 0xfc, 0x3f, 0xff, 0xff, 0xff, 0xff, 0xff, 
	0xff, 0xff, 0xff, 0xff, 0xff, 0xff, 0xff, 0x83, 0xe0, 0xfc, 0x3f, 0xfe, 0x00, 0x7f, 0xff, 0xff, 
	0xff, 0xff, 0xff, 0xff, 0xcf, 0xff, 0xff, 0x86, 0x31, 0x84, 0x3f, 0xf8, 0x00, 0x1f, 0xff, 0xff, 
	0xff, 0xe0, 0x7f, 0xff, 0xb7, 0xff, 0xff, 0xfc, 0x1f, 0x07, 0xff, 0xf0, 0x00, 0x0f, 0xff, 0xff, 
	0xff, 0xc0, 0x3f, 0xff, 0x7b, 0xff, 0xff, 0xfc, 0x1f, 0x07, 0xff, 0xf0, 0x00, 0x0f, 0xff, 0xff, 
	0xff, 0xc0, 0x3f, 0xfe, 0xfd, 0xff, 0xff, 0x86, 0x31, 0x84, 0x3f, 0xe0, 0x00, 0x07, 0xff, 0xff, 
	0xff, 0x89, 0x1f, 0xfd, 0xce, 0xff, 0xff, 0x83, 0xe0, 0xfc, 0x3f, 0xc0, 0x00, 0x03, 0xff, 0xff, 
	0xff, 0x89, 0x9f, 0xfb, 0xb7, 0x7f, 0xff, 0x83, 0xe0, 0xfc, 0x3f, 0xc0, 0x00, 0x03, 0xff, 0xff, 
	0xff, 0x89, 0x9f, 0xf7, 0x7b, 0xbf, 0xff, 0x86, 0x31, 0x84, 0x3f, 0xc0, 0x00, 0x03, 0xff, 0xff, 
	0xff, 0x88, 0x3f, 0xee, 0xfb, 0xdf, 0xff, 0xfc, 0x1f, 0x07, 0xff, 0xc0, 0x3c, 0x03, 0xff, 0xff, 
	0xff, 0xc8, 0x3f, 0xde, 0xfb, 0xef, 0xff, 0xfc, 0x1f, 0x07, 0xff, 0x80, 0xff, 0x01, 0xff, 0xff, 
	0xff, 0xf8, 0x7f, 0xef, 0xf7, 0x77, 0xff, 0x86, 0x31, 0x84, 0x3f, 0x80, 0xff, 0x01, 0xff, 0xff, 
	0xff, 0xff, 0xff, 0xf7, 0x2e, 0xbb, 0xff, 0x83, 0xe0, 0xfc, 0x3f, 0x80, 0xff, 0x01, 0xff, 0xff, 
	0xff, 0xff, 0xff, 0xfb, 0x9d, 0xdd, 0xff, 0x83, 0xe0, 0xfc, 0x3f, 0x80, 0xff, 0x01, 0xff, 0xff, 
	0xff, 0xe0, 0x7f, 0xfd, 0xfb, 0xee, 0xff, 0x86, 0x31, 0x84, 0x3f, 0x80, 0xff, 0x01, 0xff, 0xff, 
	0xff, 0xc0, 0x3f, 0xfe, 0xf7, 0xdf, 0x7f, 0xfc, 0x1f, 0x07, 0xff, 0xc0, 0x7e, 0x03, 0xff, 0xff, 
	0xff, 0xc0, 0x3f, 0xff, 0x73, 0xbf, 0xbf, 0xfc, 0x1f, 0x07, 0xff, 0xc0, 0x00, 0x03, 0xff, 0xff, 
	0xff, 0x89, 0x1f, 0xff, 0xbb, 0x79, 0xdf, 0xfe, 0x3f, 0x87, 0xff, 0xc0, 0x00, 0x03, 0xff, 0xff, 
	0xff, 0x89, 0x9f, 0xff, 0xdc, 0xf6, 0xef, 0xff, 0xff, 0xff, 0xff, 0xc0, 0x00, 0x03, 0xff, 0xff, 
	0xff, 0x89, 0x9f, 0xff, 0xef, 0xef, 0x77, 0xdf, 0xff, 0xff, 0xff, 0xe0, 0x00, 0x07, 0xff, 0xff, 
	0xff, 0x88, 0x3f, 0xff, 0xf7, 0xdf, 0x77, 0xac, 0x7f, 0xff, 0xff, 0xe0, 0x00, 0x07, 0xff, 0xff, 
	0xff, 0xc8, 0x3f, 0xff, 0xff, 0xde, 0xf7, 0x70, 0x7f, 0xff, 0xff, 0xf0, 0x00, 0x0f, 0xff, 0xff, 
	0xff, 0xf8, 0x7f, 0xff, 0xff, 0xdd, 0xee, 0xf8, 0x3f, 0xff, 0xff, 0xf8, 0x00, 0x1f, 0xff, 0xff, 
	0xff, 0xff, 0xff, 0xff, 0xfe, 0xe3, 0xc7, 0x7c, 0x7f, 0xff, 0xff, 0xfe, 0x00, 0x7f, 0xff, 0xff, 
	0xff, 0xff, 0xff, 0xff, 0xff, 0x77, 0x82, 0x3e, 0x7f, 0xff, 0xff, 0xff, 0xc1, 0xff, 0xff, 0xff, 
	0xff, 0x80, 0x1f, 0xff, 0xff, 0xbf, 0x61, 0xdf, 0x7f, 0xff, 0xff, 0xff, 0xff, 0xff, 0xff, 0xff, 
	0xff, 0x80, 0x1f, 0xff, 0xff, 0xde, 0xf3, 0xef, 0xbf, 0xff, 0xff, 0xff, 0xff, 0xff, 0xff, 0xff, 
	0xff, 0x80, 0x1f, 0xff, 0xff, 0xed, 0xf7, 0xf7, 0xdf, 0xff, 0xff, 0xff, 0xff, 0xff, 0xff, 0xff, 
	0xff, 0x80, 0x1f, 0xff, 0xff, 0xf3, 0x87, 0xfb, 0xbf, 0xff, 0xff, 0x80, 0x00, 0x01, 0xff, 0xff, 
	0xff, 0xff, 0x3f, 0xff, 0xff, 0xff, 0x6f, 0xf9, 0x7f, 0xff, 0xff, 0x80, 0x00, 0x01, 0xff, 0xff, 
	0xff, 0xff, 0x3f, 0xff, 0xff, 0xfe, 0xf7, 0xf6, 0xff, 0xff, 0xff, 0x80, 0x00, 0x01, 0xff, 0xff, 
	0xff, 0xff, 0x1f, 0xff, 0xff, 0xfe, 0xfb, 0xe7, 0xff, 0xff, 0xff, 0x80, 0x00, 0x01, 0xff, 0xff, 
	0xff, 0xff, 0xff, 0xff, 0xff, 0xff, 0x7d, 0xc3, 0xff, 0xff, 0xff, 0x80, 0x00, 0x01, 0xff, 0xff, 
	0xff, 0x80, 0x1b, 0xff, 0xff, 0xff, 0xbe, 0x81, 0x1f, 0xff, 0xff, 0x80, 0x00, 0x01, 0xff, 0xff, 
	0xff, 0x80, 0x11, 0xff, 0xfe, 0x07, 0x1f, 0x30, 0xef, 0xff, 0xff, 0x80, 0x00, 0x01, 0xff, 0xff, 
	0xff, 0x80, 0x11, 0xff, 0xfb, 0xf8, 0xef, 0xb9, 0xf7, 0xff, 0xff, 0x80, 0x00, 0x01, 0xff, 0xff, 
	0xff, 0x80, 0x1b, 0xff, 0xf7, 0xfe, 0xe7, 0xbb, 0xfb, 0xff, 0xff, 0x80, 0x00, 0x01, 0xff, 0xff, 
	0xff, 0xff, 0xff, 0xff, 0xe3, 0xff, 0x6b, 0x73, 0x9d, 0xff, 0xff, 0xff, 0xff, 0x0f, 0xff, 0xff, 
	0xff, 0xff, 0xff, 0xff, 0xdd, 0xff, 0x9c, 0xef, 0x6e, 0xff, 0xff, 0xff, 0xff, 0x87, 0xff, 0xff, 
	0xff, 0x80, 0x1f, 0xff, 0xde, 0xff, 0xdf, 0xde, 0xf7, 0x7f, 0xff, 0xff, 0xff, 0x83, 0xff, 0xff, 
	0xff, 0x80, 0x1f, 0xff, 0xef, 0x7f, 0xdf, 0x9d, 0xf7, 0xbf, 0xff, 0xff, 0xff, 0x83, 0xff, 0xff, 
	0xff, 0x80, 0x1f, 0xff, 0xf7, 0xbf, 0xef, 0xb9, 0xef, 0xdf, 0xff, 0xff, 0xff, 0x03, 0xff, 0xff, 
	0xff, 0x80, 0x1f, 0xff, 0xfb, 0xdf, 0xef, 0xdd, 0xde, 0xef, 0xff, 0x80, 0x00, 0x01, 0xff, 0xff, 
	0xff, 0xff, 0x7f, 0xff, 0xfd, 0xef, 0xef, 0xee, 0x3d, 0x77, 0xff, 0x80, 0x00, 0x01, 0xff, 0xff, 
	0xff, 0xff, 0x3f, 0xff, 0xfc, 0xff, 0xef, 0xf7, 0x7b, 0xbf, 0xff, 0x80, 0x00, 0x01, 0xff, 0xff, 
	0xff, 0x80, 0x1f, 0xff, 0xfd, 0x7f, 0xef, 0xfb, 0xf7, 0xdf, 0xff, 0x80, 0x00, 0x01, 0xff, 0xff, 
	0xff, 0x80, 0x1f, 0xff, 0xff, 0xbf, 0xef, 0xfd, 0xef, 0xbe, 0xff, 0x80, 0x00, 0x03, 0xff, 0xff, 
	0xff, 0x80, 0x3f, 0xff, 0xf9, 0x9e, 0xff, 0xfe, 0xef, 0x7f, 0x7f, 0x80, 0x00, 0x03, 0xff, 0xff, 
	0xff, 0x80, 0x7f, 0xff, 0xf9, 0xef, 0x5f, 0xff, 0x76, 0xe3, 0xbf, 0x80, 0x00, 0x07, 0xff, 0xff, 
	0xff, 0xff, 0xff, 0xff, 0xe7, 0xf7, 0x3f, 0xff, 0xb9, 0xed, 0xdf, 0x80, 0x00, 0x0f, 0xff, 0xff, 
	0xff, 0xff, 0xff, 0xff, 0xc7, 0xfb, 0x7f, 0xff, 0xdf, 0xfe, 0xef, 0x80, 0x00, 0x7f, 0xff, 0xff, 
	0xff, 0xe0, 0x7f, 0xff, 0xef, 0xfc, 0xff, 0xff, 0xef, 0x3e, 0xef, 0xff, 0xff, 0xff, 0xff, 0xff, 
	0xf8, 0xc0, 0x3f, 0xfb, 0x7f, 0xff, 0xff, 0xff, 0xf7, 0x7d, 0xdf, 0xff, 0xff, 0xff, 0xff, 0xff, 
	0xf8, 0x80, 0x3f, 0xdb, 0xbf, 0xff, 0xff, 0xff, 0xfb, 0xbb, 0xbf, 0xff, 0xff, 0xff, 0xff, 0xff, 
	0xf8, 0x86, 0x1f, 0xfd, 0xff, 0xff, 0xff, 0xff, 0xfd, 0xc7, 0x7f, 0xff, 0xff, 0xff, 0xff, 0xff, 
	0xf8, 0x8f, 0x1f, 0xee, 0xff, 0xff, 0xff, 0xff, 0xfe, 0xee, 0xff, 0xff, 0xff, 0xff, 0xff, 0xff, 
	0xf8, 0xcf, 0x3f, 0xf7, 0x3f, 0xff, 0xff, 0xff, 0xff, 0x7d, 0xff, 0xff, 0xff, 0xff, 0xff, 0xff, 
	0xfc, 0x46, 0x3f, 0xfb, 0xff, 0xff, 0xff, 0xff, 0xff, 0xbb, 0xff, 0xff, 0xff, 0xff, 0xff, 0xff, 
	0xfc, 0x00, 0x1f, 0xfd, 0xff, 0xff, 0xff, 0xff, 0xff, 0xd7, 0xff, 0xff, 0xff, 0xff, 0xff, 0xff, 
	0xfe, 0x00, 0x1f, 0xff, 0x7f, 0xff, 0xff, 0xff, 0xff, 0xef, 0xff, 0xff, 0xff, 0xff, 0xff, 0xff, 
	0xff, 0x00, 0x1f, 0xff, 0xff, 0xff, 0xff, 0xff, 0xff, 0xff, 0xff, 0xff, 0xff, 0xff, 0xff, 0xff, 
	0xff, 0xff, 0xff, 0xff, 0xff, 0xff, 0xff, 0xff, 0xff, 0xff, 0xff, 0xff, 0xff, 0xff, 0xff, 0xff, 
	0xff, 0xff, 0xff, 0xff, 0xff, 0xff, 0xff, 0xff, 0xff, 0xff, 0xff, 0xff, 0xff, 0xff, 0xff, 0xff
};

// 'website', 128x296px
const unsigned char epd_bitmap_website[] = {
	0xff, 0xff, 0xff, 0xff, 0xff, 0xff, 0xff, 0xff, 0xff, 0xff, 0xff, 0xff, 0xff, 0xff, 0xff, 0xff, 
	0xff, 0xff, 0xff, 0xff, 0xff, 0xff, 0xff, 0xff, 0xff, 0xff, 0xff, 0xff, 0xff, 0xff, 0xff, 0xff, 
	0xff, 0x1f, 0xff, 0xff, 0xff, 0xff, 0xff, 0xff, 0xff, 0xff, 0xff, 0xff, 0xff, 0xff, 0xff, 0xc7, 
	0xfe, 0xe0, 0x1f, 0xff, 0xff, 0xff, 0xff, 0xff, 0xff, 0xff, 0xff, 0xff, 0xff, 0xff, 0xfc, 0x07, 
	0xfe, 0xf8, 0x7f, 0xff, 0xff, 0xff, 0xff, 0xff, 0xff, 0xff, 0xff, 0xff, 0xff, 0xff, 0xc0, 0x07, 
	0xfe, 0xff, 0xff, 0xff, 0xff, 0xff, 0xff, 0xff, 0xff, 0xff, 0xff, 0xff, 0xff, 0xfe, 0x00, 0x07, 
	0xfd, 0xff, 0xff, 0xff, 0xff, 0xff, 0xff, 0xff, 0xff, 0xff, 0xff, 0xff, 0xff, 0xe0, 0x00, 0x07, 
	0xfd, 0xff, 0xff, 0xff, 0xff, 0xff, 0xff, 0xff, 0xff, 0xff, 0xff, 0xff, 0xfe, 0x00, 0x00, 0x07, 
	0xfd, 0xff, 0xfe, 0xff, 0xff, 0xff, 0xff, 0xff, 0xff, 0xff, 0xff, 0xff, 0xe0, 0x00, 0x00, 0x1f, 
	0xfd, 0xff, 0xfe, 0xff, 0xff, 0xff, 0xff, 0xff, 0xff, 0xff, 0xff, 0xff, 0xe0, 0x00, 0x03, 0xff, 
	0xff, 0xff, 0xfe, 0x7f, 0xff, 0xff, 0xff, 0xff, 0xff, 0xff, 0xff, 0xff, 0xe0, 0x00, 0x7f, 0xff, 
	0xfb, 0xff, 0xff, 0x3f, 0xff, 0xff, 0xff, 0xff, 0xff, 0xff, 0xff, 0xff, 0xe0, 0x0f, 0xff, 0xff, 
	0xfb, 0xff, 0xff, 0xff, 0xff, 0xff, 0xff, 0xff, 0xff, 0xff, 0xff, 0xff, 0xe0, 0x07, 0xff, 0xff, 
	0xfb, 0xff, 0xff, 0xff, 0x1f, 0xff, 0xff, 0xff, 0xff, 0xff, 0xff, 0xff, 0xe0, 0x00, 0x7f, 0xff, 
	0xfb, 0xff, 0xff, 0xff, 0x03, 0xff, 0xff, 0xff, 0xff, 0xff, 0xff, 0xff, 0xe0, 0x00, 0x07, 0xff, 
	0xf7, 0xff, 0xff, 0xff, 0x00, 0xff, 0xff, 0xff, 0xff, 0xff, 0xff, 0xff, 0xf8, 0x00, 0x00, 0x7f, 
	0xf7, 0xff, 0xff, 0xff, 0x00, 0x3f, 0xff, 0xff, 0xff, 0xff, 0xff, 0xff, 0xff, 0x80, 0x00, 0x07, 
	0xf7, 0xff, 0xff, 0xff, 0x00, 0x0f, 0xff, 0xff, 0xff, 0xff, 0xff, 0xff, 0xff, 0xf8, 0x00, 0x07, 
	0xe7, 0xff, 0xff, 0xfe, 0x1f, 0xc1, 0xff, 0xff, 0xff, 0xff, 0xff, 0xff, 0xff, 0xff, 0x00, 0x07, 
	0xef, 0xff, 0xff, 0xfc, 0x7f, 0xc0, 0x7f, 0xff, 0xff, 0xff, 0xff, 0xff, 0xff, 0xff, 0xe0, 0x07, 
	0xef, 0xff, 0xff, 0xf8, 0xe0, 0x00, 0x0f, 0xff, 0xff, 0xff, 0xff, 0xff, 0xff, 0xff, 0x00, 0x07, 
	0xcf, 0xff, 0xff, 0xf1, 0x80, 0x00, 0x03, 0xff, 0xff, 0xff, 0xff, 0xff, 0xff, 0xf0, 0x00, 0x07, 
	0xcf, 0xff, 0xff, 0xe3, 0xc0, 0x00, 0x31, 0xff, 0xff, 0xff, 0xff, 0xff, 0xff, 0x00, 0x00, 0x07, 
	0xdf, 0xff, 0xff, 0x87, 0xff, 0xe0, 0x18, 0xff, 0xff, 0xff, 0xff, 0xff, 0xf8, 0x00, 0x00, 0x7f, 
	0x9f, 0xff, 0xff, 0x0f, 0xff, 0xfc, 0x00, 0x3f, 0xff, 0xff, 0xff, 0xff, 0xe0, 0x00, 0x07, 0xff, 
	0x9f, 0xff, 0xfe, 0x1f, 0xff, 0xff, 0x00, 0x1f, 0xff, 0xff, 0xff, 0xff, 0xe0, 0x00, 0x7f, 0xff, 
	0x9f, 0xff, 0xf8, 0x3f, 0xff, 0xff, 0xc0, 0x07, 0xff, 0xff, 0xff, 0xff, 0xe0, 0x07, 0xff, 0xff, 
	0x9f, 0xff, 0xe0, 0x7f, 0xff, 0xff, 0xf0, 0x03, 0xff, 0xff, 0xff, 0xff, 0xe0, 0x0f, 0xff, 0xff, 
	0x9f, 0xff, 0xc0, 0xff, 0xff, 0xff, 0xff, 0xc1, 0xff, 0xff, 0xff, 0xff, 0xe0, 0x00, 0x7f, 0xff, 
	0x9f, 0xff, 0x80, 0xff, 0xff, 0xff, 0xff, 0xf8, 0x7f, 0xff, 0xff, 0xff, 0xe0, 0x00, 0x03, 0xff, 
	0xcf, 0xfe, 0x01, 0xff, 0xff, 0xff, 0xff, 0xfc, 0x00, 0x00, 0x00, 0x1f, 0xe0, 0x00, 0x00, 0x3f, 
	0xe7, 0xfe, 0x03, 0xff, 0xff, 0xff, 0xff, 0xff, 0x80, 0x00, 0x00, 0x03, 0xfe, 0x00, 0x00, 0x07, 
	0xf0, 0x0f, 0x07, 0xff, 0xff, 0xff, 0xff, 0xff, 0xe1, 0xef, 0xf0, 0x01, 0xff, 0xe0, 0x00, 0x07, 
	0xf0, 0x1f, 0x8f, 0xff, 0xff, 0xff, 0xff, 0xff, 0xc3, 0xfe, 0x78, 0x00, 0xff, 0xfe, 0x00, 0x07, 
	0xf8, 0xff, 0xff, 0xff, 0xff, 0xff, 0xff, 0xff, 0x87, 0xf8, 0x3c, 0x00, 0x7f, 0xff, 0xc0, 0x07, 
	0xf9, 0xf7, 0xff, 0xff, 0xff, 0xff, 0xff, 0xff, 0x3f, 0xf9, 0xfc, 0x00, 0x3f, 0xff, 0xfc, 0x07, 
	0xf8, 0x0f, 0xff, 0xff, 0xff, 0xff, 0xff, 0xfc, 0x7f, 0xfd, 0xf8, 0x00, 0x3f, 0xff, 0xff, 0xc7, 
	0xfc, 0x1f, 0xff, 0xff, 0xff, 0xff, 0xff, 0xfc, 0x7f, 0xff, 0xf8, 0x00, 0x3f, 0xff, 0xff, 0xff, 
	0xfc, 0x1f, 0xff, 0xff, 0xff, 0xff, 0xff, 0xfc, 0x7f, 0xff, 0xe0, 0x00, 0x1f, 0xff, 0xff, 0xff, 
	0xfc, 0x1f, 0xff, 0xff, 0xff, 0xff, 0xff, 0xfc, 0xff, 0xfe, 0x00, 0x00, 0x1f, 0xc0, 0xff, 0xff, 
	0xfc, 0x1f, 0xff, 0xff, 0xff, 0xff, 0xff, 0xfc, 0x7f, 0xfe, 0x00, 0x00, 0x1f, 0x00, 0x3f, 0xff, 
	0xfc, 0x1f, 0xff, 0xff, 0xff, 0xff, 0xff, 0xfe, 0x7f, 0xfe, 0x00, 0x00, 0x1c, 0x00, 0x0f, 0xff, 
	0xfc, 0x1f, 0xff, 0xff, 0xff, 0xff, 0xff, 0xff, 0x7f, 0xff, 0x80, 0x00, 0x18, 0x00, 0x07, 0xff, 
	0xfc, 0x1f, 0xff, 0xff, 0xff, 0xff, 0xff, 0xff, 0x3f, 0xff, 0xf0, 0x00, 0x18, 0x00, 0x07, 0xff, 
	0xfc, 0x1f, 0xff, 0xff, 0xff, 0xff, 0xff, 0xff, 0xbf, 0xff, 0xf8, 0x00, 0x10, 0x00, 0x03, 0xff, 
	0xfc, 0x1f, 0xff, 0xff, 0xff, 0xff, 0xff, 0xff, 0xdf, 0xfc, 0x7c, 0x00, 0x10, 0x70, 0xc3, 0xff, 
	0xfc, 0x1f, 0xff, 0xff, 0xff, 0xff, 0xff, 0xff, 0xdf, 0xf8, 0x3c, 0x00, 0x10, 0xf0, 0xe3, 0xff, 
	0xfc, 0x1f, 0xff, 0xff, 0xff, 0xff, 0xff, 0xff, 0xff, 0xf0, 0x7c, 0x00, 0x01, 0xf0, 0xe1, 0xff, 
	0xfc, 0x1f, 0xff, 0xff, 0xff, 0xff, 0xff, 0xff, 0xef, 0xf1, 0xfc, 0x00, 0x01, 0xf0, 0xe1, 0xff, 
	0xfc, 0x0f, 0xff, 0xff, 0xff, 0xff, 0xff, 0xff, 0xff, 0xe1, 0xfc, 0x1c, 0x21, 0xf0, 0xe1, 0xff, 
	0xfc, 0x0f, 0xff, 0xff, 0xff, 0xff, 0xff, 0xff, 0xff, 0xef, 0xf8, 0x1e, 0x21, 0xf0, 0xe1, 0xff, 
	0xfc, 0x07, 0xff, 0xff, 0xff, 0xff, 0xff, 0xff, 0xff, 0xef, 0xf0, 0x0c, 0x21, 0xf0, 0xe1, 0xff, 
	0xfc, 0x03, 0xff, 0xff, 0xff, 0xff, 0xff, 0xff, 0xe3, 0xcf, 0xc0, 0x08, 0x61, 0xf0, 0x83, 0xff, 
	0xfc, 0x01, 0xff, 0xff, 0xff, 0xff, 0xff, 0xff, 0x80, 0x00, 0x00, 0x00, 0xf1, 0xf0, 0x03, 0xff, 
	0xfc, 0x00, 0xff, 0xff, 0xff, 0xff, 0xff, 0xff, 0x00, 0x00, 0x00, 0x00, 0xf0, 0xf0, 0x03, 0xff, 
	0xfd, 0xf0, 0x7f, 0xff, 0xff, 0xff, 0xff, 0xfc, 0x04, 0x00, 0x00, 0x01, 0xf0, 0xf0, 0x07, 0xff, 
	0xf9, 0xff, 0xff, 0xff, 0xff, 0xff, 0xff, 0xe0, 0x1c, 0x00, 0x00, 0x07, 0xf0, 0x70, 0x0f, 0xff, 
	0xf0, 0x7f, 0xff, 0xff, 0xff, 0xff, 0xff, 0x00, 0x38, 0x00, 0x00, 0x0f, 0xf8, 0x30, 0x3f, 0xff, 
	0xe0, 0x00, 0x07, 0xff, 0xff, 0xff, 0xfc, 0x00, 0x38, 0x00, 0x00, 0xff, 0xff, 0xff, 0xff, 0xff, 
	0xc3, 0xf8, 0x3f, 0xf3, 0xff, 0xff, 0xf0, 0x00, 0x30, 0x0f, 0xff, 0xff, 0xff, 0xff, 0xff, 0xff, 
	0x87, 0xff, 0xff, 0xfb, 0xff, 0xff, 0xc0, 0x00, 0x00, 0xff, 0xff, 0xff, 0xff, 0xff, 0xff, 0xff, 
	0x8f, 0xff, 0xff, 0xfb, 0xff, 0xff, 0x00, 0x80, 0x07, 0xff, 0xff, 0xff, 0xff, 0xff, 0xff, 0xff, 
	0x9f, 0xff, 0xff, 0xf9, 0xff, 0xe0, 0x03, 0x80, 0x1f, 0xff, 0xff, 0xff, 0xe0, 0x00, 0x00, 0x03, 
	0x9f, 0xff, 0xff, 0xe0, 0x60, 0x00, 0x07, 0x00, 0x7f, 0xff, 0xff, 0xff, 0xe0, 0x00, 0x00, 0x03, 
	0x9f, 0xff, 0xff, 0xc0, 0x60, 0x00, 0x1e, 0x00, 0xff, 0xff, 0xff, 0xff, 0xe0, 0x00, 0x00, 0x03, 
	0x9f, 0xff, 0xff, 0x80, 0x60, 0x00, 0x78, 0x03, 0xff, 0xff, 0xff, 0xff, 0xe0, 0x00, 0x00, 0x03, 
	0x9f, 0xff, 0xff, 0x00, 0x70, 0x01, 0xf0, 0x07, 0xff, 0xff, 0xff, 0xff, 0xe0, 0x00, 0x00, 0x03, 
	0x8f, 0xff, 0xff, 0x00, 0x7c, 0x1f, 0xc0, 0x1f, 0xff, 0xff, 0xff, 0xff, 0xf1, 0xff, 0x87, 0xff, 
	0xcf, 0xff, 0xff, 0x00, 0x7f, 0xff, 0x00, 0x3f, 0xff, 0xff, 0xff, 0xff, 0xf1, 0xff, 0xc7, 0xff, 
	0xe7, 0xff, 0xff, 0x00, 0x60, 0xf0, 0x00, 0xff, 0xff, 0xff, 0xff, 0xff, 0xf1, 0xff, 0xc3, 0xff, 
	0xf3, 0xff, 0xff, 0x80, 0x40, 0x00, 0x01, 0xff, 0xff, 0xff, 0xff, 0xff, 0xe1, 0xff, 0xc3, 0xff, 
	0xfb, 0xff, 0xff, 0x80, 0x00, 0x00, 0x03, 0xff, 0xff, 0xff, 0xff, 0xff, 0xe1, 0xff, 0xc3, 0xff, 
	0xf9, 0xff, 0xff, 0xc0, 0x00, 0x00, 0x0f, 0xff, 0xff, 0xff, 0xff, 0xff, 0xe1, 0xff, 0xc1, 0xff, 
	0xfc, 0xff, 0xff, 0xe0, 0x00, 0x00, 0x3f, 0xff, 0xff, 0xff, 0xff, 0xff, 0xe0, 0xff, 0x81, 0xff, 
	0xfe, 0xff, 0xff, 0xf0, 0x00, 0x00, 0xff, 0xff, 0xff, 0xff, 0xff, 0xff, 0xf0, 0x1e, 0x01, 0xff, 
	0xff, 0x7f, 0xff, 0xf8, 0x00, 0x07, 0xff, 0xff, 0xff, 0xff, 0xff, 0xff, 0xf0, 0x00, 0x03, 0xff, 
	0xff, 0x7f, 0xff, 0xfc, 0x00, 0x3f, 0xff, 0xff, 0xff, 0xff, 0xff, 0xff, 0xf8, 0x00, 0x03, 0xff, 
	0xff, 0xbf, 0xff, 0xff, 0x07, 0xff, 0xff, 0xff, 0xff, 0xff, 0xff, 0xff, 0xf8, 0x00, 0x07, 0xff, 
	0xff, 0xbf, 0xf8, 0xff, 0xff, 0xff, 0xff, 0xff, 0xff, 0xff, 0xff, 0xff, 0xfe, 0x00, 0x0f, 0xff, 
	0xff, 0xff, 0xe3, 0xff, 0xff, 0xff, 0xff, 0xff, 0xff, 0xff, 0xff, 0xff, 0xff, 0x00, 0x1f, 0xff, 
	0xff, 0xdf, 0xef, 0xff, 0xff, 0xff, 0xff, 0xff, 0xff, 0xff, 0xff, 0xff, 0xff, 0xff, 0xff, 0xff, 
	0xff, 0xff, 0xdf, 0xff, 0xff, 0xff, 0xff, 0xff, 0xff, 0xff, 0xff, 0xff, 0xff, 0xff, 0xff, 0xff, 
	0xff, 0xff, 0xdf, 0xff, 0xff, 0xff, 0xff, 0xff, 0xff, 0xff, 0xff, 0xff, 0xff, 0xff, 0xff, 0xff, 
	0xff, 0xff, 0xff, 0xff, 0xff, 0xff, 0xff, 0xff, 0xff, 0xff, 0xff, 0xff, 0xf8, 0x3f, 0x7f, 0xff, 
	0xff, 0xff, 0xff, 0xff, 0xff, 0xff, 0xff, 0xff, 0xff, 0xff, 0xff, 0xff, 0xf0, 0x78, 0x0f, 0xff, 
	0xff, 0xff, 0xff, 0xff, 0xff, 0xff, 0xff, 0xff, 0xff, 0xff, 0xff, 0xff, 0xf0, 0xf0, 0x07, 0xff, 
	0xff, 0xff, 0xff, 0x1f, 0xf1, 0xff, 0x1f, 0xf1, 0xff, 0xff, 0xff, 0xff, 0xf0, 0xf0, 0x07, 0xff, 
	0xff, 0xff, 0xfc, 0x0f, 0xc0, 0xfc, 0x0f, 0xc0, 0xff, 0xff, 0xff, 0xff, 0xf1, 0xf0, 0x03, 0xff, 
	0xff, 0xff, 0xfc, 0xe7, 0xce, 0x7c, 0xe7, 0xce, 0x7f, 0xff, 0xff, 0xff, 0xe1, 0xe0, 0x03, 0xff, 
	0xff, 0xff, 0xfd, 0xe7, 0xde, 0x7d, 0xe7, 0xde, 0x7f, 0xff, 0xff, 0xff, 0xe1, 0xe0, 0xc3, 0xff, 
	0xff, 0xff, 0xfd, 0xe7, 0xde, 0x7d, 0xe7, 0xde, 0x7f, 0xff, 0xff, 0xff, 0xe1, 0xe0, 0xe1, 0xff, 
	0xff, 0xff, 0xfc, 0xe7, 0xcc, 0x7c, 0xef, 0xcc, 0x7f, 0xff, 0xff, 0xff, 0xe1, 0xe1, 0xe1, 0xff, 
	0xff, 0xff, 0xfe, 0x0f, 0xe0, 0xfe, 0x0f, 0xe0, 0xff, 0xff, 0xff, 0xff, 0xe1, 0xc1, 0xe1, 0xff, 
	0xff, 0xff, 0xff, 0x3f, 0xf3, 0xff, 0x3f, 0xf3, 0xff, 0xff, 0xff, 0xff, 0xf0, 0xc1, 0xe1, 0xff, 
	0xff, 0xff, 0xff, 0xbf, 0xfb, 0xff, 0x3f, 0xfb, 0xff, 0xff, 0xff, 0xff, 0xf0, 0x01, 0xe1, 0xff, 
	0xff, 0xff, 0xff, 0xbf, 0xfb, 0xff, 0x3f, 0xfb, 0xff, 0xff, 0xff, 0xff, 0xf0, 0x01, 0xe3, 0xff, 
	0xff, 0xff, 0xff, 0xbf, 0xfb, 0xff, 0x3f, 0xfb, 0xff, 0xff, 0xff, 0xff, 0xf8, 0x03, 0xc3, 0xff, 
	0xff, 0xff, 0xff, 0xbf, 0xfb, 0xff, 0x3f, 0xfb, 0xff, 0xff, 0xff, 0xff, 0xf8, 0x03, 0xc3, 0xff, 
	0xff, 0xff, 0xff, 0xbf, 0xfb, 0xff, 0x3f, 0xfb, 0xff, 0xff, 0xff, 0xff, 0xfc, 0x07, 0x83, 0xff, 
	0xff, 0xff, 0xff, 0xbf, 0xfb, 0xff, 0x3f, 0xfb, 0xff, 0xff, 0xff, 0xff, 0xff, 0x1f, 0xff, 0xff, 
	0xff, 0xff, 0xff, 0xbf, 0xfb, 0xff, 0x3f, 0xfb, 0xff, 0xff, 0xff, 0xff, 0xff, 0xff, 0xff, 0xff, 
	0xff, 0xff, 0xe0, 0x00, 0x00, 0x00, 0x00, 0x00, 0x1f, 0xff, 0xff, 0xff, 0xff, 0xff, 0xff, 0xff, 
	0xff, 0xff, 0xe0, 0x00, 0x00, 0x00, 0x00, 0x00, 0x0f, 0xff, 0xff, 0xff, 0xff, 0xff, 0xff, 0xff, 
	0xff, 0xff, 0xe7, 0xff, 0xff, 0xff, 0xff, 0xff, 0xcf, 0xff, 0xff, 0xff, 0xff, 0xff, 0xff, 0xc1, 
	0xfc, 0x7f, 0xe7, 0xff, 0xff, 0xff, 0xff, 0xff, 0xcf, 0xf8, 0x7f, 0xff, 0xe0, 0x00, 0x01, 0xc1, 
	0xf0, 0x3f, 0xe7, 0xff, 0xff, 0xff, 0xff, 0xff, 0xcf, 0xf0, 0x3f, 0xff, 0xe0, 0x00, 0x01, 0xc1, 
	0xf3, 0x9f, 0xe7, 0xff, 0xff, 0xff, 0xff, 0xff, 0xcf, 0xf7, 0x9f, 0xff, 0xe0, 0x00, 0x01, 0xc1, 
	0xf7, 0xc0, 0x07, 0xff, 0xff, 0xff, 0xff, 0xff, 0xc0, 0x07, 0x9f, 0xff, 0xe0, 0x00, 0x01, 0xc1, 
	0xf7, 0x80, 0x07, 0xe0, 0x00, 0x00, 0x00, 0x0f, 0xc9, 0x07, 0x9f, 0xff, 0xe0, 0x00, 0x01, 0xc1, 
	0xf3, 0x9f, 0xe7, 0xc0, 0x00, 0x00, 0x00, 0x07, 0xcf, 0xf3, 0x3f, 0xff, 0xff, 0xff, 0xff, 0xff, 
	0xf8, 0x3f, 0xe7, 0xcf, 0xff, 0xff, 0xff, 0xe7, 0xcf, 0xf8, 0x3f, 0xff, 0xff, 0xff, 0xff, 0xff, 
	0xff, 0xff, 0xe7, 0xcf, 0xff, 0xff, 0xff, 0xe7, 0xcf, 0xff, 0xff, 0xff, 0xff, 0xff, 0xff, 0xff, 
	0xff, 0xff, 0xe7, 0xcf, 0xff, 0xff, 0xff, 0xe7, 0xcf, 0xff, 0xff, 0xff, 0xff, 0xff, 0xff, 0xff, 
	0xff, 0xff, 0xe7, 0xcf, 0xff, 0xff, 0xff, 0xe7, 0xcf, 0xff, 0xff, 0xff, 0xff, 0xff, 0xe1, 0xff, 
	0xff, 0xff, 0xe7, 0xcf, 0xff, 0xff, 0xff, 0xe7, 0xcf, 0xff, 0xff, 0xff, 0xff, 0xff, 0xe1, 0xff, 
	0xff, 0xff, 0xe7, 0xcf, 0xff, 0xff, 0xff, 0xe7, 0xcf, 0xff, 0xff, 0xff, 0xfc, 0x00, 0x00, 0x07, 
	0xfc, 0x7f, 0xe7, 0xcf, 0xff, 0xff, 0xff, 0xe7, 0xcf, 0xfc, 0x7f, 0xff, 0xf8, 0x00, 0x00, 0x07, 
	0xf8, 0x3f, 0xe7, 0xcf, 0xff, 0xff, 0xff, 0xe7, 0xcf, 0xf0, 0x3f, 0xff, 0xf0, 0x00, 0x00, 0x07, 
	0xf3, 0x9f, 0xe7, 0xcf, 0xff, 0xff, 0xff, 0xe7, 0xcf, 0xf7, 0x9f, 0xff, 0xf0, 0x00, 0x00, 0x07, 
	0xf7, 0xc0, 0x07, 0xcf, 0xff, 0xff, 0xff, 0xe7, 0xc0, 0x07, 0x9f, 0xff, 0xf0, 0x00, 0x00, 0x07, 
	0xf7, 0x80, 0x07, 0xcf, 0xff, 0xff, 0xff, 0xe7, 0xc0, 0x07, 0x9f, 0xff, 0xe0, 0x00, 0x00, 0x07, 
	0xf3, 0x9f, 0xe7, 0xcf, 0xff, 0xff, 0xff, 0xe7, 0xcf, 0xf3, 0x3f, 0xff, 0xe0, 0xff, 0xe1, 0xff, 
	0xf8, 0x3f, 0xe7, 0xcf, 0xff, 0xff, 0xff, 0xe7, 0xcf, 0xf8, 0x3f, 0xff, 0xe1, 0xff, 0xe1, 0xff, 
	0xff, 0xff, 0xe7, 0xcf, 0xff, 0xff, 0xff, 0xe7, 0xcf, 0xff, 0xff, 0xff, 0xe1, 0xff, 0xe1, 0xff, 
	0xff, 0xff, 0xe7, 0xcf, 0xff, 0xff, 0xff, 0xe7, 0xcf, 0xff, 0xff, 0xff, 0xe1, 0xff, 0xe1, 0xff, 
	0xff, 0xff, 0xe7, 0xcf, 0xff, 0xff, 0xff, 0xe7, 0xcf, 0xff, 0xff, 0xff, 0xf1, 0xff, 0xe1, 0xff, 
	0xff, 0xff, 0xe7, 0xcf, 0xff, 0xff, 0xff, 0xe7, 0xcf, 0xff, 0xff, 0xff, 0xf1, 0xff, 0xe1, 0xff, 
	0xff, 0xff, 0xe7, 0xcf, 0xff, 0xff, 0xff, 0xe7, 0xcf, 0xff, 0xff, 0xff, 0xff, 0xff, 0xff, 0xff, 
	0xfc, 0x7f, 0xe7, 0xcf, 0xff, 0xff, 0xff, 0xe7, 0xcf, 0xfc, 0x7f, 0xff, 0xff, 0xc0, 0xff, 0xff, 
	0xf8, 0x3f, 0xe7, 0xcf, 0xff, 0xff, 0xff, 0xe7, 0xcf, 0xf0, 0x3f, 0xff, 0xff, 0x00, 0x3f, 0xff, 
	0xf3, 0x9f, 0xe7, 0xcf, 0xff, 0xff, 0xff, 0xe7, 0xcf, 0xf3, 0x9f, 0xff, 0xfc, 0x00, 0x0f, 0xff, 
	0xf7, 0xc0, 0x07, 0xcf, 0xff, 0xff, 0xff, 0xe7, 0xc0, 0x07, 0x9f, 0xff, 0xf8, 0x00, 0x07, 0xff, 
	0xf7, 0x80, 0x07, 0xcf, 0xff, 0xff, 0xff, 0xe7, 0xc0, 0x07, 0x9f, 0xff, 0xf8, 0x00, 0x07, 0xff, 
	0xf3, 0x9f, 0xe7, 0xcf, 0xff, 0xff, 0xff, 0xe7, 0xcf, 0xf3, 0x3f, 0xff, 0xf0, 0x00, 0x03, 0xff, 
	0xf8, 0x3f, 0xe7, 0xcf, 0xff, 0xff, 0xff, 0xe7, 0xcf, 0xf8, 0x3f, 0xff, 0xf0, 0x70, 0xc3, 0xff, 
	0xff, 0xff, 0xe7, 0xcf, 0xff, 0xff, 0xff, 0xe7, 0xcf, 0xff, 0xff, 0xff, 0xf0, 0xf0, 0xe3, 0xff, 
	0xff, 0xff, 0xe7, 0xcf, 0xff, 0xff, 0xff, 0xe7, 0xcf, 0xff, 0xff, 0xff, 0xf1, 0xf0, 0xe1, 0xff, 
	0xff, 0xff, 0xe7, 0xcf, 0xff, 0xff, 0xff, 0xe7, 0xcf, 0xff, 0xff, 0xff, 0xe1, 0xf0, 0xe1, 0xff, 
	0xff, 0xff, 0xe7, 0xcf, 0xff, 0xff, 0xff, 0xe7, 0xcf, 0xff, 0xff, 0xff, 0xe1, 0xf0, 0xe1, 0xff, 
	0xff, 0xff, 0xe7, 0xcf, 0xff, 0xff, 0xff, 0xe7, 0xcf, 0xff, 0xff, 0xff, 0xe1, 0xf0, 0xe1, 0xff, 
	0xfc, 0x7f, 0xe7, 0xcf, 0xff, 0xff, 0xff, 0xe7, 0xcf, 0xfc, 0xff, 0xff, 0xe1, 0xf0, 0xe1, 0xff, 
	0xf8, 0x3f, 0xe7, 0xcf, 0xff, 0xff, 0xff, 0xe7, 0xcf, 0xf0, 0x3f, 0xff, 0xe1, 0xf0, 0x83, 0xff, 
	0xf3, 0x9f, 0xe7, 0xc0, 0x00, 0x00, 0x00, 0x07, 0xcf, 0xf3, 0x9f, 0xff, 0xf1, 0xf0, 0x03, 0xff, 
	0xf7, 0x80, 0x07, 0xff, 0xff, 0xff, 0xff, 0xff, 0xc0, 0x07, 0x9f, 0xff, 0xf0, 0xf0, 0x03, 0xff, 
	0xf7, 0x80, 0x07, 0xff, 0xff, 0xff, 0xff, 0xff, 0xc0, 0x07, 0x9f, 0xff, 0xf0, 0xf0, 0x07, 0xff, 
	0xf3, 0x9f, 0xe7, 0xff, 0xff, 0xff, 0xff, 0xff, 0xcf, 0xf3, 0x9f, 0xff, 0xf0, 0x70, 0x0f, 0xff, 
	0xf8, 0x3f, 0xe7, 0xff, 0xff, 0xff, 0xff, 0xff, 0xcf, 0xf8, 0x3f, 0xff, 0xf8, 0x30, 0x3f, 0xff, 
	0xfe, 0xff, 0xe7, 0xff, 0xff, 0xff, 0xff, 0xff, 0xcf, 0xfc, 0xff, 0xff, 0xff, 0xff, 0xff, 0xff, 
	0xff, 0xff, 0xe7, 0xff, 0xff, 0xff, 0xff, 0xff, 0xcf, 0xff, 0xff, 0xff, 0xff, 0xff, 0xff, 0xff, 
	0xff, 0xff, 0xe0, 0x00, 0x00, 0x00, 0x00, 0x00, 0x0f, 0xff, 0xff, 0xff, 0xff, 0xff, 0xff, 0xff, 
	0xff, 0xff, 0xff, 0x3f, 0xf3, 0xff, 0x3f, 0xf3, 0xff, 0xff, 0xff, 0xff, 0xff, 0xff, 0xff, 0xff, 
	0xff, 0xff, 0xff, 0xbf, 0xfb, 0xff, 0x3f, 0xfb, 0xff, 0xff, 0xff, 0xff, 0xff, 0xff, 0xff, 0xff, 
	0xff, 0xff, 0xff, 0xbf, 0xfb, 0xff, 0x3f, 0xfb, 0xff, 0xff, 0xff, 0xff, 0xff, 0xff, 0xff, 0xff, 
	0xff, 0xff, 0xff, 0xbf, 0xfb, 0xff, 0x3f, 0xfb, 0xff, 0xff, 0xff, 0xff, 0xff, 0xff, 0xff, 0xff, 
	0xff, 0xff, 0xff, 0xbf, 0xfb, 0xff, 0x3f, 0xfb, 0xff, 0xff, 0xff, 0xff, 0xff, 0xff, 0xff, 0xff, 
	0xff, 0xff, 0xff, 0xbf, 0xfb, 0xff, 0x3f, 0xfb, 0xff, 0xff, 0xff, 0xff, 0xff, 0xff, 0xff, 0xff, 
	0xff, 0xff, 0xff, 0xbf, 0xfb, 0xff, 0x3f, 0xfb, 0xff, 0xff, 0xff, 0xff, 0xff, 0xff, 0xff, 0xff, 
	0xff, 0xff, 0xff, 0xbf, 0xfb, 0xff, 0x3f, 0xfb, 0xff, 0xff, 0xff, 0xff, 0xff, 0xff, 0xff, 0xff, 
	0xff, 0xff, 0xff, 0x1f, 0xf1, 0xff, 0x1f, 0xf1, 0xff, 0xff, 0xff, 0xff, 0xff, 0xff, 0xff, 0xff, 
	0xff, 0xff, 0xfe, 0x0f, 0xe0, 0xfe, 0x0f, 0xe0, 0xff, 0xff, 0xff, 0xff, 0xff, 0xff, 0xff, 0xff, 
	0xff, 0xff, 0xfc, 0xe7, 0xce, 0x7c, 0xe7, 0xce, 0x7f, 0xff, 0xff, 0xff, 0xff, 0xff, 0xff, 0xff, 
	0xff, 0xff, 0xfd, 0xe7, 0xde, 0x7d, 0xe7, 0xde, 0x7f, 0xff, 0xff, 0xff, 0xff, 0xff, 0xff, 0xff, 
	0xff, 0xff, 0xfd, 0xe7, 0xde, 0x7d, 0xe7, 0xde, 0x7f, 0xff, 0xff, 0xff, 0xff, 0xff, 0xff, 0xff, 
	0xff, 0xff, 0xfc, 0xe7, 0xce, 0x7c, 0xe7, 0xce, 0x7f, 0xff, 0xff, 0xff, 0xff, 0xff, 0xff, 0xff, 
	0xff, 0xff, 0xfe, 0x0f, 0xe0, 0xfe, 0x0f, 0xe0, 0xff, 0xff, 0xff, 0xff, 0xff, 0xff, 0xff, 0xff, 
	0xff, 0xff, 0xff, 0xbf, 0xfb, 0xff, 0xbf, 0xfb, 0xff, 0xff, 0xff, 0xff, 0xff, 0xff, 0xff, 0xff, 
	0xff, 0xff, 0xff, 0xff, 0xff, 0xff, 0xff, 0xff, 0xff, 0xff, 0xff, 0xff, 0xff, 0xff, 0xff, 0xff, 
	0xff, 0xff, 0xff, 0xff, 0xff, 0xff, 0xff, 0xff, 0xff, 0xff, 0xff, 0xff, 0xff, 0xff, 0xff, 0xff, 
	0xff, 0xff, 0xff, 0xff, 0xff, 0xff, 0xff, 0xff, 0xff, 0xff, 0xff, 0xff, 0xff, 0xff, 0xff, 0xff, 
	0xff, 0xff, 0xff, 0xff, 0xff, 0xff, 0xff, 0xff, 0xff, 0xff, 0xff, 0xff, 0xff, 0xff, 0xff, 0xff, 
	0xc0, 0x00, 0x00, 0x0f, 0x00, 0x01, 0xe3, 0xe0, 0x07, 0xc7, 0xff, 0xf8, 0xf0, 0x00, 0x00, 0x03, 
	0xc0, 0x00, 0x00, 0x0f, 0x00, 0x01, 0xe3, 0xe0, 0x07, 0xc7, 0xff, 0xf8, 0xf0, 0x00, 0x00, 0x03, 
	0xc0, 0x00, 0x00, 0x0f, 0x00, 0x01, 0xe3, 0xe0, 0x07, 0xc7, 0xff, 0xf8, 0xf0, 0x00, 0x00, 0x03, 
	0xc3, 0xff, 0xff, 0x0f, 0xff, 0xe1, 0xff, 0xff, 0xc3, 0xff, 0xff, 0xff, 0xf0, 0xff, 0xff, 0xc3, 
	0xc7, 0xff, 0xff, 0x0f, 0xff, 0xf0, 0x3e, 0x3f, 0xc0, 0x7f, 0xff, 0xff, 0xf0, 0xff, 0xff, 0xe3, 
	0xc7, 0xff, 0xff, 0x0f, 0xff, 0xf0, 0x3e, 0x3f, 0xc0, 0x7f, 0xff, 0xff, 0xf0, 0xff, 0xff, 0xe3, 
	0xc7, 0xff, 0xff, 0x0f, 0xff, 0xf0, 0x3e, 0x3f, 0xc0, 0x7f, 0xff, 0xff, 0xf0, 0xff, 0xff, 0xe3, 
	0xc7, 0xff, 0xff, 0x0f, 0xff, 0xe1, 0xfc, 0x1f, 0xc7, 0xff, 0xff, 0xff, 0xf0, 0xff, 0xff, 0xe3, 
	0xc7, 0xc0, 0x0f, 0x0f, 0xff, 0x01, 0xe0, 0x00, 0x07, 0xfc, 0x78, 0x00, 0xf0, 0xf0, 0x03, 0xe3, 
	0xc7, 0xc0, 0x0f, 0x0f, 0xff, 0x01, 0xe0, 0x00, 0x07, 0xfc, 0x78, 0x00, 0xf0, 0xf0, 0x03, 0xe3, 
	0xc7, 0xc0, 0x0f, 0x0f, 0xff, 0x0f, 0xe1, 0xc1, 0xff, 0xff, 0xf8, 0x00, 0xf0, 0xf0, 0x03, 0xe3, 
	0xc7, 0xc0, 0x0f, 0x0f, 0x80, 0x1f, 0xe3, 0xe3, 0xfc, 0x7f, 0xf8, 0x00, 0xf0, 0xf0, 0x03, 0xe3, 
	0xc7, 0xc0, 0x0f, 0x0f, 0x00, 0x1f, 0xe3, 0xe3, 0xfc, 0x7f, 0xf8, 0x00, 0xf0, 0xf0, 0x03, 0xe3, 
	0xc7, 0xc0, 0x0f, 0x0f, 0x00, 0x1f, 0xe3, 0xe3, 0xfc, 0x7f, 0xf8, 0x00, 0xf0, 0xf0, 0x03, 0xe3, 
	0xc7, 0xc0, 0x0f, 0x0f, 0xfe, 0x1f, 0xff, 0xe3, 0xff, 0xff, 0xf8, 0x70, 0xf0, 0xf0, 0x03, 0xe3, 
	0xc7, 0xc0, 0x0f, 0x0f, 0xff, 0x1f, 0x3f, 0xe3, 0xff, 0xc7, 0xf8, 0xf8, 0xf0, 0xf0, 0x03, 0xe3, 
	0xc7, 0xc0, 0x0f, 0x0f, 0xff, 0x1e, 0x3f, 0xe3, 0xff, 0xc7, 0xf8, 0xf8, 0xf0, 0xf0, 0x03, 0xe3, 
	0xc7, 0xc0, 0x0f, 0x0f, 0xff, 0x1e, 0x3f, 0xe3, 0xff, 0xc7, 0xf8, 0xf8, 0xf0, 0xf0, 0x03, 0xe3, 
	0xc7, 0xff, 0xff, 0x0f, 0xff, 0xfe, 0x3f, 0xff, 0xff, 0xc7, 0xf8, 0xf8, 0xf0, 0xff, 0xff, 0xe3, 
	0xc7, 0xff, 0xff, 0x0f, 0xf1, 0xfe, 0x3e, 0x3e, 0x7f, 0xc7, 0x80, 0x00, 0xf0, 0xff, 0xff, 0xe3, 
	0xc7, 0xff, 0xff, 0x0f, 0xf1, 0xfe, 0x3e, 0x3c, 0x3f, 0xc7, 0x80, 0x00, 0xf0, 0xff, 0xff, 0xe3, 
	0xc7, 0xff, 0xff, 0x0f, 0xf1, 0xfe, 0x3e, 0x3c, 0x3f, 0xc7, 0xc0, 0x00, 0xf0, 0xff, 0xff, 0xe3, 
	0xc0, 0x00, 0x00, 0x0f, 0xff, 0xfe, 0x3e, 0x3c, 0x3f, 0xff, 0xf8, 0xf8, 0xf0, 0x00, 0x00, 0x03, 
	0xc0, 0x00, 0x00, 0x0f, 0x1f, 0x1e, 0x3e, 0x3c, 0x3c, 0x7c, 0x78, 0xf8, 0xf0, 0x00, 0x00, 0x03, 
	0xc0, 0x00, 0x00, 0x0f, 0x1f, 0x1e, 0x3e, 0x3c, 0x3c, 0x7c, 0x78, 0xf8, 0xf0, 0x00, 0x00, 0x03, 
	0xc0, 0x00, 0x00, 0x1f, 0x9f, 0x1f, 0x3e, 0x3c, 0x3c, 0x7c, 0xf8, 0xf9, 0xf8, 0x00, 0x00, 0x03, 
	0xff, 0xff, 0xff, 0xff, 0xfe, 0x1f, 0xff, 0xfc, 0x38, 0x7f, 0xf8, 0xff, 0xff, 0xff, 0xff, 0xff, 
	0xff, 0xff, 0xff, 0xff, 0xf0, 0x1f, 0xe3, 0xe0, 0x00, 0x7f, 0xf8, 0xff, 0xff, 0xff, 0xff, 0xff, 
	0xff, 0xff, 0xff, 0xff, 0xf0, 0x1f, 0xe3, 0xe0, 0x00, 0x7f, 0xf8, 0xff, 0xff, 0xff, 0xff, 0xff, 
	0xff, 0xff, 0xff, 0xff, 0xff, 0xff, 0xff, 0xe3, 0xc0, 0x7f, 0xff, 0xff, 0xff, 0xff, 0xff, 0xff, 
	0xc7, 0xc0, 0x00, 0xf8, 0x1f, 0xff, 0xfe, 0x03, 0xc0, 0x7c, 0x0f, 0xff, 0x80, 0x00, 0x03, 0xff, 
	0xc7, 0xc0, 0x00, 0xf8, 0x1f, 0xff, 0xfe, 0x03, 0xc0, 0x7c, 0x0f, 0xff, 0x80, 0x00, 0x03, 0xff, 
	0xc7, 0xc0, 0x00, 0xf8, 0x1f, 0xff, 0xfe, 0x03, 0xc0, 0x7c, 0x0f, 0xff, 0x80, 0x00, 0x03, 0xff, 
	0xff, 0xc0, 0x0f, 0xff, 0x1f, 0xff, 0xfe, 0x3f, 0xc3, 0xff, 0xff, 0xff, 0x8f, 0xfe, 0x01, 0xff, 
	0xff, 0xc0, 0x0f, 0xff, 0x1f, 0x00, 0x3e, 0x3e, 0x07, 0xc7, 0xf8, 0xff, 0x9f, 0xff, 0x00, 0x3f, 
	0xff, 0xc0, 0x0f, 0xff, 0x1f, 0x00, 0x3e, 0x3c, 0x07, 0xc7, 0xf8, 0xff, 0x9f, 0xff, 0x00, 0x3f, 
	0xff, 0xc0, 0x0f, 0xff, 0x1f, 0x00, 0x3e, 0x3e, 0x07, 0xc7, 0xf8, 0xff, 0x9f, 0xff, 0x00, 0x3f, 
	0xff, 0xf8, 0x7f, 0xff, 0x1f, 0x00, 0x1e, 0x3f, 0xc3, 0xff, 0xf8, 0xff, 0x8f, 0xfe, 0x01, 0xff, 
	0xff, 0xf8, 0xff, 0x8f, 0x1f, 0x00, 0x00, 0x03, 0xc0, 0x7f, 0x80, 0xff, 0x81, 0xf0, 0x03, 0xff, 
	0xff, 0xf8, 0xff, 0x8f, 0x1f, 0x00, 0x00, 0x03, 0xc0, 0x7f, 0x80, 0xff, 0x81, 0xf0, 0x03, 0xff, 
	0xff, 0xf8, 0xff, 0x8f, 0x9f, 0x00, 0x00, 0x07, 0xe0, 0x7f, 0xc0, 0xff, 0x81, 0xf0, 0x03, 0xff, 
	0xff, 0xf8, 0x7f, 0x0f, 0xff, 0xfe, 0x03, 0xff, 0xff, 0xff, 0xf8, 0xff, 0x0f, 0xff, 0xff, 0xff, 
	0xff, 0xc0, 0x00, 0x0f, 0xff, 0xfe, 0x03, 0xff, 0xff, 0xc7, 0xf8, 0xf8, 0x1f, 0x1f, 0xff, 0xff, 
	0xff, 0xc0, 0x00, 0x0f, 0xff, 0xfe, 0x03, 0xff, 0xff, 0xc7, 0xf8, 0xf8, 0x1f, 0x1f, 0xff, 0xff, 
	0xff, 0xc0, 0x00, 0x0f, 0xff, 0xfe, 0x03, 0xff, 0xff, 0xc7, 0xfc, 0xf8, 0x1f, 0x9f, 0xff, 0xff, 
	0xfc, 0x00, 0xf8, 0x0f, 0xff, 0x3e, 0x03, 0xfe, 0x7f, 0xc7, 0xff, 0x8f, 0x81, 0xf0, 0x00, 0x03, 
	0xfc, 0x00, 0xf8, 0x0f, 0xff, 0x1e, 0x03, 0xfc, 0x3f, 0xc7, 0xff, 0x8f, 0x81, 0xf0, 0x00, 0x03, 
	0xfc, 0x00, 0xf8, 0x0f, 0xff, 0x1e, 0x03, 0xfc, 0x3f, 0xc7, 0xff, 0x8f, 0x81, 0xf0, 0x00, 0x03, 
	0xfc, 0x30, 0xff, 0xff, 0xff, 0x1e, 0x03, 0xfc, 0x3f, 0xff, 0xff, 0x8f, 0xff, 0xf0, 0xff, 0xff, 
	0xc0, 0x78, 0x0f, 0xff, 0xff, 0x1e, 0x03, 0xfc, 0x3c, 0x7f, 0x80, 0x0f, 0xff, 0x01, 0xff, 0xff, 
	0xc0, 0x78, 0x0f, 0xff, 0xff, 0x1e, 0x03, 0xfc, 0x3c, 0x7f, 0x80, 0x0f, 0xff, 0x01, 0xff, 0xff, 
	0xc0, 0x78, 0x0f, 0xff, 0xff, 0x1e, 0x03, 0xfc, 0x3c, 0x7f, 0x80, 0x0f, 0xff, 0x01, 0xff, 0xff, 
	0xf8, 0x7f, 0xff, 0xff, 0xff, 0xff, 0xe3, 0xfc, 0x3c, 0x7f, 0xf8, 0x0f, 0xff, 0x01, 0xff, 0xff, 
	0xfc, 0x0f, 0xf8, 0xf8, 0x1f, 0xf1, 0xe0, 0x00, 0x00, 0x7c, 0x78, 0x00, 0x00, 0x01, 0xf3, 0xff, 
	0xfc, 0x0f, 0xf8, 0xf8, 0x1f, 0xf1, 0xe0, 0x00, 0x00, 0x7c, 0x78, 0x00, 0x00, 0x01, 0xf3, 0xff, 
	0xfc, 0x0f, 0xf8, 0xf8, 0x1f, 0xf1, 0xe0, 0x00, 0x00, 0x7c, 0x78, 0x00, 0x00, 0x01, 0xf3, 0xff, 
	0xf8, 0x07, 0xff, 0xff, 0xff, 0xf1, 0xfe, 0x3c, 0x00, 0x3f, 0xf8, 0xff, 0xff, 0xf1, 0xff, 0xff, 
	0xc0, 0x00, 0x0f, 0x8f, 0xff, 0xf1, 0xfe, 0x3c, 0x00, 0x07, 0x80, 0xff, 0xff, 0xf1, 0xfe, 0x3f, 
	0xc0, 0x00, 0x0f, 0x8f, 0xff, 0xf1, 0xfe, 0x3c, 0x00, 0x07, 0x80, 0xff, 0xff, 0xf1, 0xfe, 0x3f, 
	0xc0, 0x00, 0x0f, 0x9f, 0xff, 0xf1, 0xfe, 0x3e, 0x00, 0x07, 0xc0, 0xff, 0xff, 0xf1, 0xfe, 0x3f, 
	0xff, 0xc7, 0x8f, 0xff, 0xfb, 0xf1, 0xf7, 0xe7, 0xfc, 0x7e, 0xf8, 0x3f, 0xa9, 0xf1, 0xf0, 0x3f, 
	0xff, 0xcf, 0x8f, 0xff, 0xf1, 0xf1, 0xe3, 0xe3, 0xfc, 0x7c, 0x78, 0x0f, 0x81, 0xf1, 0xf0, 0x3f, 
	0xff, 0xcf, 0x8f, 0xff, 0xf1, 0xf1, 0xe3, 0xe3, 0xfc, 0x7c, 0x78, 0x0f, 0x81, 0xf1, 0xf0, 0x3f, 
	0xff, 0xcf, 0xdf, 0xff, 0xfb, 0xf1, 0xf7, 0xe7, 0xfe, 0xfe, 0xf8, 0x0f, 0x81, 0xf1, 0xf0, 0x7f, 
	0xc7, 0xff, 0xf8, 0x00, 0x1f, 0xf1, 0xff, 0xfe, 0x7f, 0xff, 0xc0, 0x01, 0xff, 0xf1, 0xff, 0xff, 
	0xc7, 0xff, 0xf8, 0x00, 0x1f, 0xf1, 0xff, 0xfc, 0x3f, 0xff, 0x80, 0x00, 0xff, 0xf1, 0xff, 0xff, 
	0xc7, 0xff, 0xf8, 0x00, 0x1f, 0xf1, 0xff, 0xfc, 0x3f, 0xff, 0x80, 0x00, 0xff, 0xf1, 0xff, 0xff, 
	0xff, 0xff, 0xf8, 0xff, 0xff, 0xff, 0xff, 0xff, 0xff, 0xff, 0x87, 0xff, 0xff, 0xff, 0xff, 0xff, 
	0xff, 0xf8, 0xf8, 0xff, 0xf0, 0x1e, 0x3e, 0x03, 0xc7, 0xc7, 0x8f, 0xff, 0xf0, 0x1f, 0x1e, 0x03, 
	0xff, 0xf8, 0xf8, 0xff, 0xf0, 0x1e, 0x3e, 0x03, 0xc7, 0xc7, 0x8f, 0xff, 0xf0, 0x1f, 0x1e, 0x03, 
	0xff, 0xf8, 0xf8, 0xff, 0xf0, 0x1e, 0x3e, 0x03, 0xc7, 0xc7, 0x8f, 0xff, 0xf0, 0x1f, 0x1e, 0x03, 
	0xff, 0xff, 0xf8, 0xff, 0xf0, 0x1f, 0xff, 0xc3, 0xff, 0xff, 0x8f, 0xff, 0xff, 0x1f, 0xff, 0xe3, 
	0xff, 0xff, 0xf8, 0xf8, 0x00, 0x1f, 0xe3, 0xe3, 0xff, 0xfc, 0x0f, 0x80, 0x1f, 0x1f, 0xf3, 0xe3, 
	0xff, 0xff, 0xf8, 0xf8, 0x00, 0x1f, 0xe3, 0xe3, 0xff, 0xfc, 0x0f, 0x80, 0x1f, 0x1f, 0xf3, 0xe3, 
	0xff, 0xff, 0xf8, 0xf8, 0x00, 0x1f, 0xe3, 0xe3, 0xff, 0xfc, 0x0f, 0x80, 0x1f, 0x1f, 0xf3, 0xe3, 
	0xff, 0xff, 0xff, 0xf8, 0x01, 0xff, 0xff, 0xff, 0xff, 0xfc, 0x0f, 0x8f, 0x87, 0xff, 0xf1, 0xc3, 
	0xc7, 0xcf, 0x8f, 0xf8, 0x01, 0xf1, 0xfe, 0x3f, 0xfc, 0x7c, 0x0f, 0x8f, 0x81, 0xf1, 0xf0, 0x03, 
	0xc7, 0xcf, 0x8f, 0xf8, 0x01, 0xf1, 0xfe, 0x3f, 0xfc, 0x7c, 0x0f, 0x8f, 0x81, 0xf1, 0xf0, 0x03, 
	0xc7, 0xcf, 0x8f, 0xf8, 0x01, 0xf1, 0xfe, 0x3f, 0xfc, 0x7c, 0x0f, 0x8f, 0x81, 0xf3, 0xe0, 0x03, 
	0xfc, 0xff, 0x8f, 0xff, 0xf1, 0xf0, 0x00, 0x07, 0xe7, 0xfc, 0x7f, 0xff, 0x9f, 0xff, 0x00, 0x03, 
	0xfc, 0x7f, 0x8f, 0xff, 0xf1, 0xf0, 0x00, 0x03, 0xc7, 0xfc, 0x7f, 0xff, 0x9f, 0xff, 0x00, 0x03, 
	0xfc, 0x7f, 0x8f, 0xff, 0xf1, 0xf0, 0x00, 0x03, 0xc7, 0xfc, 0x7f, 0xff, 0x9f, 0xff, 0x00, 0x03, 
	0xfc, 0x7f, 0x8f, 0xff, 0xff, 0xe1, 0xe1, 0xff, 0xff, 0xfc, 0x7f, 0xff, 0x8f, 0xff, 0xe1, 0xff, 
	0xc0, 0x0f, 0x8f, 0x9f, 0x9f, 0x01, 0xe3, 0xfe, 0x7c, 0x7c, 0x7c, 0xf8, 0x00, 0x03, 0xe3, 0xff, 
	0xc0, 0x0f, 0x8f, 0x8f, 0x1f, 0x01, 0xe3, 0xfc, 0x3c, 0x7c, 0x78, 0xf8, 0x00, 0x01, 0xf3, 0xff, 
	0xc0, 0x0f, 0x8f, 0x8f, 0x1f, 0x01, 0xe3, 0xfe, 0x7c, 0x7c, 0x78, 0xf8, 0x00, 0x01, 0xf3, 0xff, 
	0xc7, 0xff, 0xff, 0x0f, 0xff, 0xe1, 0xff, 0xfc, 0x3f, 0xfc, 0x7f, 0xf0, 0x0f, 0x1f, 0xff, 0xff, 
	0xc7, 0xff, 0xf8, 0x0f, 0xff, 0xf1, 0xff, 0xe0, 0x07, 0xfc, 0x0f, 0x80, 0x1f, 0x1f, 0xff, 0xe3, 
	0xc7, 0xff, 0xf8, 0x0f, 0xff, 0xf1, 0xff, 0xe0, 0x07, 0xfc, 0x0f, 0x80, 0x1f, 0x1f, 0xff, 0xe3, 
	0xc7, 0xff, 0xf8, 0x0f, 0xff, 0xf1, 0xff, 0xe0, 0x07, 0xfc, 0x0f, 0x80, 0x1f, 0x1f, 0xff, 0xe3, 
	0xc7, 0xff, 0xf8, 0x0f, 0xff, 0xf1, 0xff, 0xfc, 0x3f, 0xf8, 0x7f, 0xf8, 0xff, 0x1f, 0xff, 0xff, 
	0xc7, 0xcf, 0x80, 0x00, 0x1f, 0xf0, 0x03, 0xfc, 0x3f, 0xc0, 0x78, 0xf8, 0xf0, 0x1f, 0x1e, 0x3f, 
	0xc7, 0xcf, 0x80, 0x00, 0x1f, 0xf0, 0x03, 0xfc, 0x3f, 0xc0, 0x78, 0xf8, 0xf0, 0x1f, 0x1e, 0x3f, 
	0xc7, 0xcf, 0x80, 0x00, 0x1f, 0xf0, 0x03, 0xfc, 0x3f, 0xc0, 0x7c, 0xf9, 0xf8, 0x1f, 0x3f, 0x3f, 
	0xff, 0x87, 0x0f, 0xff, 0x1f, 0xf0, 0x03, 0xfc, 0x3f, 0xf8, 0x7f, 0xff, 0xff, 0xff, 0xff, 0xff, 
	0xfc, 0x00, 0x0f, 0xff, 0x1f, 0xf0, 0x03, 0xfc, 0x00, 0x7c, 0x0f, 0xff, 0xff, 0xff, 0xff, 0xff, 
	0xfc, 0x00, 0x0f, 0xff, 0x1f, 0xf0, 0x03, 0xfc, 0x00, 0x7c, 0x0f, 0xff, 0xff, 0xff, 0xff, 0xff, 
	0xff, 0x87, 0x0f, 0xff, 0x1f, 0xf1, 0xff, 0xff, 0xc0, 0x7f, 0x8f, 0xff, 0xff, 0xff, 0xff, 0xff, 
	0xff, 0xc7, 0x8f, 0x9f, 0x01, 0xf1, 0xfe, 0x07, 0xc0, 0x07, 0x8f, 0x81, 0xf8, 0x00, 0x00, 0x03, 
	0xff, 0xcf, 0x8f, 0x8f, 0x01, 0xf1, 0xfe, 0x03, 0xc0, 0x07, 0x8f, 0x80, 0xf0, 0x00, 0x00, 0x03, 
	0xff, 0xcf, 0x8f, 0x8f, 0x01, 0xf1, 0xfe, 0x03, 0xc0, 0x07, 0x8f, 0x80, 0xf0, 0x00, 0x00, 0x03, 
	0xff, 0xcf, 0x8f, 0xff, 0x01, 0xff, 0xfe, 0x03, 0xf8, 0x3f, 0xff, 0x80, 0xf0, 0x00, 0x00, 0x03, 
	0xc7, 0xcf, 0x8f, 0xff, 0x01, 0xff, 0x00, 0x00, 0x7c, 0x7f, 0xff, 0x80, 0xf0, 0xff, 0xff, 0xe3, 
	0xc7, 0xcf, 0x8f, 0xff, 0x01, 0xfe, 0x00, 0x00, 0x3c, 0x7f, 0xff, 0x80, 0xf0, 0xff, 0xff, 0xe3, 
	0xc7, 0xcf, 0x8f, 0xff, 0x01, 0xfe, 0x00, 0x00, 0x3c, 0x7f, 0xff, 0x80, 0xf0, 0xff, 0xff, 0xe3, 
	0xff, 0xff, 0x8f, 0xff, 0x1f, 0xfe, 0x00, 0x3c, 0x3f, 0xff, 0xff, 0xf8, 0xf0, 0xff, 0xff, 0xe3, 
	0xfc, 0x78, 0x00, 0x00, 0x1f, 0xfe, 0x00, 0x3c, 0x07, 0xff, 0x80, 0xf8, 0xf0, 0xf0, 0x03, 0xe3, 
	0xfc, 0x78, 0x00, 0x00, 0x1f, 0xfe, 0x00, 0x3c, 0x07, 0xff, 0x80, 0xf8, 0xf0, 0xf0, 0x03, 0xe3, 
	0xfc, 0x78, 0x00, 0x00, 0x1f, 0xfe, 0x00, 0x3e, 0x07, 0xff, 0x80, 0xf8, 0xf0, 0xf0, 0x03, 0xe3, 
	0xfc, 0x78, 0x00, 0xff, 0xff, 0xfe, 0x03, 0xff, 0xc3, 0xff, 0x87, 0xf0, 0xf0, 0xf0, 0x03, 0xe3, 
	0xfc, 0x78, 0x00, 0xff, 0xf0, 0x00, 0x03, 0xe3, 0xc0, 0x7c, 0x0f, 0x80, 0xf0, 0xf0, 0x03, 0xe3, 
	0xfc, 0x78, 0x00, 0xff, 0xf0, 0x00, 0x03, 0xe3, 0xc0, 0x7c, 0x0f, 0x80, 0xf0, 0xf0, 0x03, 0xe3, 
	0xfc, 0x7c, 0x00, 0xff, 0xf0, 0x00, 0x03, 0xe3, 0xc0, 0x7c, 0x0f, 0x80, 0xf0, 0xf0, 0x03, 0xe3, 
	0xfc, 0x7f, 0xf8, 0x7f, 0xf1, 0xff, 0xe1, 0xc3, 0xc7, 0xff, 0x83, 0x00, 0xf0, 0xf0, 0x03, 0xe3, 
	0xfc, 0x7f, 0xf8, 0x01, 0xf1, 0xff, 0xe0, 0x03, 0xc7, 0xc7, 0x80, 0x00, 0xf0, 0xf0, 0x03, 0xe3, 
	0xfc, 0x7f, 0xf8, 0x01, 0xf1, 0xff, 0xe0, 0x03, 0xc7, 0xc7, 0x80, 0x00, 0xf0, 0xf0, 0x03, 0xe3, 
	0xff, 0xff, 0xff, 0x07, 0xf1, 0xff, 0xe0, 0x03, 0xff, 0xc7, 0xf0, 0x07, 0xf0, 0xff, 0xff, 0xe3, 
	0xc7, 0xff, 0xff, 0x8f, 0xf0, 0x3f, 0x00, 0x03, 0xfc, 0x07, 0xf8, 0x0f, 0xf0, 0xff, 0xff, 0xe3, 
	0xc7, 0xff, 0xff, 0x8f, 0xf0, 0x1e, 0x00, 0x03, 0xfc, 0x07, 0xf8, 0x0f, 0xf0, 0xff, 0xff, 0xe3, 
	0xc7, 0xff, 0xff, 0x8f, 0xf0, 0x1e, 0x00, 0x03, 0xfc, 0x07, 0xf8, 0x0f, 0xf0, 0xff, 0xff, 0xe3, 
	0xff, 0xff, 0xff, 0xff, 0xf0, 0xff, 0xff, 0xc3, 0xff, 0x87, 0xff, 0x0f, 0xf0, 0xff, 0xff, 0xc3, 
	0xff, 0xf8, 0xff, 0xf8, 0x01, 0xf1, 0xff, 0xe0, 0x7f, 0xc7, 0x8f, 0x8f, 0xf0, 0x00, 0x00, 0x03, 
	0xff, 0xf8, 0xff, 0xf8, 0x01, 0xf1, 0xff, 0xe0, 0x3f, 0xc7, 0x8f, 0x8f, 0xf0, 0x00, 0x00, 0x03, 
	0xff, 0xf8, 0xff, 0xf8, 0x01, 0xf1, 0xff, 0xe0, 0x7f, 0xc7, 0x8f, 0x8f, 0xf0, 0x00, 0x00, 0x03, 
	0xff, 0xff, 0xff, 0xff, 0xff, 0xff, 0xff, 0xff, 0xff, 0xff, 0xff, 0xff, 0xff, 0xff, 0xff, 0xff, 
	0xff, 0xff, 0xff, 0xff, 0xff, 0xff, 0xff, 0xff, 0xff, 0xff, 0xff, 0xff, 0xff, 0xff, 0xff, 0xff
};

const unsigned char epd_bitmap_opensauce [] = {
	0x00, 0x00, 0x00, 0x00, 0x00, 0x00, 0x00, 0x00, 0x00, 0x00, 0x00, 0x00, 0x00, 0x00, 0x00, 0x00, 
	0x00, 0x00, 0x00, 0x00, 0x00, 0x00, 0x00, 0x00, 0x00, 0x00, 0x00, 0x00, 0x00, 0x00, 0x00, 0x00, 
	0x00, 0x00, 0x00, 0x00, 0x00, 0x00, 0x00, 0x00, 0x00, 0x00, 0x00, 0x00, 0x00, 0x00, 0x00, 0x00, 
	0x00, 0x00, 0x00, 0x00, 0x00, 0x00, 0x00, 0x00, 0x00, 0x00, 0x00, 0x00, 0x00, 0x00, 0x00, 0x00, 
	0x00, 0x00, 0x00, 0x00, 0x00, 0x00, 0x00, 0x00, 0x00, 0x00, 0x00, 0x00, 0x00, 0x00, 0x00, 0x00, 
	0x00, 0x00, 0x00, 0x00, 0x00, 0x00, 0x00, 0x00, 0x00, 0x00, 0x00, 0x00, 0x00, 0x00, 0x00, 0x00, 
	0x00, 0x00, 0x00, 0x00, 0x00, 0x00, 0x00, 0x00, 0x00, 0x00, 0x00, 0x00, 0x00, 0x00, 0x00, 0x00, 
	0x00, 0x00, 0x00, 0x00, 0x00, 0x00, 0x00, 0x00, 0x00, 0x00, 0x00, 0x00, 0x00, 0x00, 0x00, 0x00, 
	0x00, 0x00, 0x00, 0x00, 0x00, 0x00, 0x00, 0x00, 0x00, 0x00, 0x00, 0x00, 0x00, 0x00, 0x00, 0x00, 
	0x00, 0x00, 0x00, 0x00, 0x00, 0x00, 0x00, 0x00, 0x00, 0x00, 0x00, 0x00, 0x00, 0x00, 0x00, 0x00, 
	0x00, 0x00, 0x00, 0x00, 0x00, 0x00, 0x00, 0x00, 0x00, 0x00, 0x00, 0x00, 0x00, 0x00, 0x00, 0x00, 
	0x00, 0x00, 0x00, 0x00, 0x00, 0x00, 0x00, 0x00, 0x00, 0x00, 0x00, 0x00, 0x00, 0x00, 0x00, 0x00, 
	0x00, 0x00, 0x00, 0x00, 0x00, 0x00, 0x00, 0x00, 0x00, 0x00, 0x00, 0x00, 0x00, 0x00, 0x00, 0x00, 
	0x00, 0x00, 0x00, 0x00, 0x00, 0x00, 0x00, 0x00, 0x00, 0x00, 0x00, 0x00, 0x00, 0x00, 0x00, 0x00, 
	0x00, 0x00, 0x00, 0x00, 0x00, 0x00, 0x00, 0x00, 0x00, 0x00, 0x00, 0x00, 0x00, 0x00, 0x00, 0x00, 
	0x00, 0x00, 0x00, 0x00, 0x00, 0x00, 0x00, 0x00, 0x00, 0x00, 0x00, 0x00, 0x00, 0x00, 0x00, 0x00, 
	0x00, 0x00, 0x00, 0x00, 0x00, 0x00, 0x00, 0x00, 0x00, 0x00, 0x00, 0x00, 0x00, 0x00, 0x00, 0x00, 
	0x00, 0x00, 0x00, 0x00, 0x00, 0x00, 0x00, 0x00, 0x00, 0x00, 0x00, 0x00, 0x00, 0x00, 0x00, 0x00, 
	0x00, 0x00, 0x00, 0x00, 0x00, 0x00, 0x00, 0x00, 0x00, 0x00, 0x00, 0x00, 0x00, 0x00, 0x00, 0x00, 
	0x00, 0x00, 0x00, 0x00, 0x00, 0x00, 0x00, 0x00, 0x00, 0x00, 0x00, 0x00, 0x00, 0x00, 0x00, 0x00, 
	0x00, 0x00, 0x00, 0x00, 0x00, 0x00, 0x00, 0x00, 0x00, 0x00, 0x00, 0x00, 0x00, 0x00, 0x00, 0x00, 
	0x00, 0x00, 0x00, 0x00, 0x00, 0x00, 0x00, 0x00, 0x00, 0x00, 0x00, 0x00, 0x00, 0x00, 0x00, 0x00, 
	0x00, 0x00, 0x00, 0x00, 0x00, 0x00, 0x00, 0x00, 0x00, 0x00, 0x00, 0x00, 0x00, 0x00, 0x00, 0x00, 
	0x00, 0x00, 0x00, 0x00, 0x00, 0x00, 0x00, 0x00, 0x00, 0x00, 0x00, 0x00, 0x00, 0x00, 0x00, 0x00, 
	0x00, 0x00, 0x00, 0x00, 0x00, 0x00, 0x00, 0x00, 0x00, 0x00, 0x00, 0x00, 0x00, 0x00, 0x00, 0x00, 
	0x00, 0x00, 0x00, 0x00, 0x00, 0x00, 0x00, 0x00, 0x00, 0x00, 0x00, 0x00, 0x00, 0x00, 0x00, 0x00, 
	0x00, 0x00, 0x00, 0x00, 0x00, 0x00, 0x00, 0x00, 0x00, 0x00, 0x00, 0x00, 0x00, 0x00, 0x00, 0x00, 
	0x00, 0x00, 0x00, 0x00, 0x00, 0x00, 0x00, 0x00, 0x00, 0x00, 0x00, 0x00, 0x00, 0x00, 0x00, 0x00, 
	0x00, 0x00, 0x00, 0x00, 0x00, 0x00, 0x00, 0x00, 0x00, 0x00, 0x00, 0x00, 0x00, 0x00, 0x00, 0x00, 
	0x00, 0x00, 0x00, 0x00, 0x00, 0x00, 0x00, 0x00, 0x00, 0x00, 0x00, 0x00, 0x00, 0x00, 0x00, 0x00, 
	0x00, 0x00, 0x00, 0x00, 0x00, 0x00, 0x00, 0x00, 0x00, 0x00, 0x00, 0x00, 0x00, 0x00, 0x00, 0x00, 
	0x00, 0x00, 0x00, 0x00, 0x00, 0x00, 0x00, 0x00, 0x00, 0x00, 0x00, 0x00, 0x00, 0x00, 0x00, 0x00, 
	0x00, 0x00, 0x00, 0x00, 0x00, 0x00, 0x00, 0x00, 0x00, 0x00, 0x00, 0x00, 0x00, 0x00, 0x00, 0x00, 
	0x00, 0x00, 0x00, 0x00, 0x00, 0x00, 0x00, 0x00, 0x00, 0x00, 0x00, 0x00, 0x00, 0x00, 0x00, 0x00, 
	0x00, 0x00, 0x00, 0x00, 0x00, 0x00, 0x00, 0x00, 0x00, 0x00, 0x00, 0x00, 0x00, 0x00, 0x00, 0x00, 
	0x00, 0x00, 0x00, 0x00, 0x00, 0x00, 0x00, 0x00, 0x00, 0x00, 0x00, 0x00, 0x00, 0x00, 0x00, 0x00, 
	0x00, 0x00, 0x00, 0x00, 0x00, 0x00, 0x00, 0x00, 0x00, 0x00, 0x00, 0x00, 0x00, 0x00, 0x00, 0x00, 
	0x00, 0x00, 0x00, 0x00, 0x00, 0x00, 0x00, 0x00, 0x00, 0x00, 0x00, 0x00, 0x00, 0x00, 0x00, 0x00, 
	0x00, 0x00, 0x00, 0x00, 0x00, 0x00, 0x00, 0x00, 0x00, 0x00, 0x00, 0x00, 0x00, 0x00, 0x00, 0x00, 
	0x00, 0x00, 0x00, 0x00, 0x00, 0x00, 0x00, 0x00, 0x00, 0x00, 0x00, 0x00, 0x00, 0x00, 0x00, 0x00, 
	0x00, 0x00, 0x00, 0x00, 0x00, 0x00, 0x00, 0x00, 0x00, 0x00, 0x00, 0x00, 0x00, 0x00, 0x00, 0x00, 
	0x00, 0x00, 0x00, 0x00, 0x00, 0x00, 0x00, 0x00, 0x00, 0x00, 0x00, 0x00, 0x00, 0x00, 0x00, 0x00, 
	0x00, 0x00, 0x00, 0x00, 0x00, 0x00, 0x00, 0x00, 0x00, 0x00, 0x00, 0x00, 0x00, 0x00, 0x00, 0x00, 
	0x00, 0x00, 0x00, 0x00, 0x00, 0x00, 0x00, 0x00, 0x00, 0x00, 0x00, 0x00, 0x00, 0x00, 0x00, 0x00, 
	0x00, 0x00, 0x00, 0x00, 0x00, 0x00, 0x00, 0x00, 0x00, 0x00, 0x00, 0x00, 0x00, 0x00, 0x00, 0x00, 
	0x00, 0x00, 0x00, 0x00, 0x00, 0x00, 0x00, 0x00, 0x00, 0x00, 0x00, 0x00, 0x00, 0x00, 0x00, 0x00, 
	0x00, 0x00, 0x00, 0x00, 0x00, 0x00, 0x00, 0x00, 0x00, 0x00, 0x00, 0x00, 0x00, 0x00, 0x00, 0x00, 
	0x00, 0x00, 0x00, 0x00, 0x00, 0x00, 0x00, 0x00, 0x00, 0x00, 0x00, 0x00, 0x00, 0x00, 0x00, 0x00, 
	0x00, 0x00, 0x00, 0x00, 0x00, 0x00, 0x00, 0x00, 0x00, 0x00, 0x00, 0x00, 0x00, 0x00, 0x00, 0x00, 
	0x00, 0x00, 0x00, 0x00, 0x00, 0x00, 0x00, 0x00, 0x00, 0x00, 0x00, 0x00, 0x00, 0x00, 0x00, 0x00, 
	0x00, 0x00, 0x00, 0x00, 0x00, 0x00, 0x00, 0x00, 0x00, 0x00, 0x00, 0x00, 0x00, 0x00, 0x00, 0x00, 
	0x00, 0x00, 0x00, 0x00, 0x00, 0x00, 0x00, 0x00, 0x00, 0x00, 0x00, 0x00, 0x00, 0x00, 0x00, 0x00, 
	0x00, 0x00, 0x00, 0x00, 0x00, 0x00, 0x00, 0x18, 0x00, 0x00, 0x00, 0x00, 0x00, 0x00, 0x00, 0x00, 
	0x00, 0x00, 0x00, 0x00, 0x00, 0xfc, 0x00, 0x3e, 0x00, 0x00, 0x00, 0x00, 0x00, 0x00, 0x00, 0x00, 
	0x00, 0x00, 0x00, 0x00, 0x00, 0xfe, 0x00, 0x3f, 0x00, 0x00, 0x00, 0x00, 0x00, 0x00, 0x00, 0x00, 
	0x00, 0x00, 0x00, 0x00, 0x00, 0xff, 0x00, 0x7f, 0x80, 0x00, 0x00, 0x00, 0x00, 0x00, 0x00, 0x00, 
	0x00, 0x00, 0x00, 0x00, 0x00, 0xff, 0x00, 0x7f, 0x80, 0x00, 0x00, 0x00, 0x00, 0x00, 0x00, 0x00, 
	0x00, 0x00, 0x00, 0x00, 0x00, 0xff, 0x80, 0x7f, 0xc0, 0x00, 0x00, 0x00, 0x00, 0x00, 0x00, 0x00, 
	0x00, 0x00, 0x00, 0x00, 0x00, 0xff, 0xc0, 0x3f, 0xc0, 0x00, 0x00, 0x00, 0x00, 0x00, 0x00, 0x00, 
	0x00, 0x00, 0x00, 0x00, 0x00, 0xff, 0xe0, 0x1f, 0xc0, 0x00, 0x00, 0x00, 0x00, 0x00, 0x00, 0x00, 
	0x00, 0x00, 0x00, 0x00, 0x00, 0xff, 0xf0, 0x0f, 0xe0, 0x00, 0x00, 0x00, 0x00, 0x00, 0x00, 0x00, 
	0x00, 0x00, 0x00, 0x00, 0x00, 0xff, 0xf0, 0x0f, 0xe0, 0x00, 0x00, 0x00, 0x00, 0x00, 0x00, 0x00, 
	0x00, 0x00, 0x00, 0x00, 0x00, 0xff, 0xf8, 0x07, 0xe0, 0x00, 0x00, 0x00, 0x00, 0x00, 0x00, 0x00, 
	0x00, 0x00, 0x00, 0x00, 0x00, 0xff, 0xfc, 0x07, 0xe0, 0x00, 0x00, 0x00, 0x00, 0x00, 0x00, 0x00, 
	0x00, 0x00, 0x00, 0x00, 0x00, 0xff, 0xff, 0x0f, 0xe0, 0x00, 0x00, 0x00, 0x00, 0x00, 0x00, 0x00, 
	0x00, 0x00, 0x00, 0x00, 0x00, 0xfe, 0xff, 0xff, 0xe0, 0x00, 0x00, 0x00, 0x00, 0x00, 0x00, 0x00, 
	0x00, 0x00, 0x00, 0x00, 0x00, 0xfe, 0xff, 0xff, 0xc0, 0x00, 0x00, 0x00, 0x00, 0x00, 0x00, 0x00, 
	0x00, 0x00, 0x00, 0x00, 0x00, 0xfe, 0x7f, 0xff, 0xc0, 0x00, 0x00, 0x00, 0x00, 0x00, 0x00, 0x00, 
	0x00, 0x00, 0x00, 0x00, 0x00, 0xfe, 0x3f, 0xff, 0x80, 0x00, 0x00, 0x00, 0x00, 0x00, 0x00, 0x00, 
	0x00, 0x00, 0x00, 0x00, 0x00, 0xfe, 0x1f, 0xff, 0x80, 0x00, 0x00, 0x00, 0x00, 0x00, 0x00, 0x00, 
	0x00, 0x00, 0x00, 0x00, 0x00, 0xfe, 0x0f, 0xff, 0x00, 0x00, 0x00, 0x00, 0x00, 0x00, 0x00, 0x00, 
	0x00, 0x00, 0x00, 0x00, 0x00, 0xfe, 0x03, 0xfc, 0x00, 0x00, 0x00, 0x00, 0x00, 0x00, 0x00, 0x00, 
	0x00, 0x00, 0x00, 0x00, 0x00, 0x00, 0x00, 0x60, 0x00, 0x00, 0x00, 0x00, 0x00, 0x00, 0x00, 0x00, 
	0x00, 0x00, 0x00, 0x00, 0x00, 0x00, 0x00, 0x00, 0x00, 0x00, 0x00, 0x00, 0x00, 0x00, 0x00, 0x00, 
	0x00, 0x00, 0x00, 0x00, 0x00, 0x00, 0x00, 0x00, 0x00, 0x00, 0x00, 0x00, 0x00, 0x00, 0x00, 0x00, 
	0x00, 0x00, 0x00, 0x00, 0x00, 0x01, 0xff, 0xe0, 0x00, 0x00, 0x00, 0x00, 0x00, 0x00, 0x00, 0x00, 
	0x00, 0x00, 0x00, 0x00, 0x00, 0x07, 0xff, 0xf8, 0x00, 0x00, 0x00, 0x00, 0x00, 0x00, 0x00, 0x00, 
	0x00, 0x00, 0x00, 0x00, 0x00, 0x1f, 0xff, 0xfe, 0x00, 0x00, 0x00, 0x00, 0x00, 0x00, 0x00, 0x00, 
	0x00, 0x00, 0x00, 0x00, 0x00, 0x3f, 0xff, 0xff, 0x00, 0x00, 0x00, 0x00, 0x00, 0x00, 0x00, 0x00, 
	0x00, 0x00, 0x00, 0x00, 0x00, 0x3f, 0xff, 0xff, 0x80, 0x00, 0x00, 0x00, 0x00, 0x00, 0x00, 0x00, 
	0x00, 0x00, 0x00, 0x00, 0x00, 0x7f, 0xff, 0xff, 0xc0, 0x00, 0x00, 0x00, 0x00, 0x00, 0x00, 0x00, 
	0x00, 0x00, 0x00, 0x00, 0x00, 0x7f, 0xff, 0xff, 0xc0, 0x00, 0x00, 0x00, 0x00, 0x00, 0x00, 0x00, 
	0x00, 0x00, 0x00, 0x00, 0x00, 0xff, 0x00, 0x3f, 0xc0, 0x00, 0x00, 0x00, 0x00, 0x00, 0x00, 0x00, 
	0x00, 0x00, 0x00, 0x00, 0x00, 0xfe, 0x00, 0x0f, 0xe0, 0x00, 0x00, 0x00, 0x00, 0x00, 0x00, 0x00, 
	0x00, 0x00, 0x00, 0x00, 0x00, 0xfc, 0x00, 0x0f, 0xe0, 0x00, 0x00, 0x00, 0x00, 0x00, 0x00, 0x00, 
	0x00, 0x00, 0x00, 0x00, 0x00, 0xfc, 0x00, 0x0f, 0xe0, 0x00, 0x00, 0x00, 0x00, 0x00, 0x00, 0x00, 
	0x00, 0x00, 0x00, 0x00, 0x00, 0xfc, 0x00, 0x0f, 0xe0, 0x00, 0x00, 0x00, 0x00, 0x00, 0x00, 0x00, 
	0x00, 0x00, 0x00, 0x00, 0x00, 0xfe, 0x00, 0x0f, 0xe0, 0x00, 0x00, 0x00, 0x00, 0x00, 0x00, 0x00, 
	0x00, 0x00, 0x00, 0x00, 0x00, 0xff, 0x00, 0x3f, 0xc0, 0x00, 0x00, 0x00, 0x00, 0x00, 0x00, 0x00, 
	0x00, 0x00, 0x00, 0x00, 0x00, 0x7f, 0xff, 0xff, 0xc0, 0x00, 0x00, 0x00, 0x00, 0x00, 0x00, 0x00, 
	0x00, 0x00, 0x00, 0x00, 0x00, 0x7f, 0xff, 0xff, 0x80, 0x00, 0x00, 0x00, 0x00, 0x00, 0x00, 0x00, 
	0x00, 0x00, 0x00, 0x00, 0x00, 0x3f, 0xff, 0xff, 0x80, 0x00, 0x00, 0x00, 0x00, 0x00, 0x00, 0x00, 
	0x00, 0x00, 0x00, 0x00, 0x00, 0x3f, 0xff, 0xff, 0x00, 0x00, 0x00, 0x00, 0x00, 0x00, 0x00, 0x00, 
	0x00, 0x00, 0x00, 0x00, 0x00, 0x1f, 0xff, 0xfe, 0x00, 0x00, 0x00, 0x00, 0x00, 0x00, 0x00, 0x00, 
	0x00, 0x00, 0x00, 0x00, 0x00, 0x07, 0xff, 0xf8, 0x00, 0x00, 0x00, 0x00, 0x00, 0x00, 0x00, 0x00, 
	0x00, 0x00, 0x00, 0x00, 0x00, 0x01, 0xff, 0xe0, 0x00, 0x00, 0x00, 0x00, 0x00, 0x00, 0x00, 0x00, 
	0x00, 0x00, 0x00, 0x00, 0x00, 0x00, 0x00, 0x00, 0x00, 0x00, 0x00, 0x00, 0x00, 0x00, 0x00, 0x00, 
	0x00, 0x00, 0x00, 0x00, 0x00, 0x00, 0x00, 0x00, 0x00, 0x00, 0x00, 0x00, 0x00, 0x00, 0x00, 0x00, 
	0x00, 0x00, 0x00, 0x00, 0x00, 0x00, 0x00, 0x00, 0x00, 0x00, 0x00, 0x00, 0x00, 0x00, 0x00, 0x00, 
	0x00, 0x00, 0x00, 0x00, 0x00, 0x00, 0x00, 0x00, 0x00, 0x00, 0x00, 0x00, 0x00, 0x00, 0x00, 0x00, 
	0x00, 0x00, 0x00, 0x00, 0x00, 0x00, 0x00, 0x00, 0x00, 0x00, 0x00, 0x00, 0x00, 0x00, 0x00, 0x00, 
	0x00, 0x00, 0x00, 0x00, 0x00, 0x00, 0x00, 0x00, 0x00, 0x00, 0x00, 0x00, 0x00, 0x00, 0x00, 0x00, 
	0x00, 0x00, 0x00, 0x00, 0x00, 0x00, 0x00, 0x00, 0x00, 0x00, 0x00, 0x00, 0x00, 0x00, 0x00, 0x00, 
	0x00, 0x00, 0x00, 0x00, 0x00, 0x00, 0x00, 0x00, 0x00, 0x00, 0x00, 0x00, 0x00, 0x00, 0x00, 0x00, 
	0x00, 0x00, 0x00, 0x00, 0x00, 0x00, 0x00, 0x00, 0x00, 0x00, 0x00, 0x00, 0x00, 0x00, 0x00, 0x00, 
	0x00, 0x00, 0x00, 0x00, 0x00, 0x00, 0x00, 0x00, 0x00, 0x00, 0x00, 0x00, 0x00, 0x00, 0x00, 0x00, 
	0x00, 0x00, 0x03, 0xfe, 0x7f, 0xf8, 0x7f, 0xff, 0xff, 0xff, 0x00, 0x00, 0x00, 0x00, 0x00, 0x00, 
	0x00, 0x00, 0x0f, 0xfe, 0xff, 0xfd, 0xff, 0xff, 0xff, 0xff, 0x40, 0x00, 0x00, 0x00, 0x00, 0x00, 
	0x00, 0x00, 0x0f, 0xfd, 0xff, 0xfd, 0xff, 0xff, 0xff, 0xff, 0x41, 0x00, 0x00, 0x00, 0x00, 0x20, 
	0x00, 0x00, 0x1f, 0x03, 0xe0, 0x7f, 0xff, 0xff, 0xff, 0xfe, 0x61, 0x00, 0x00, 0x00, 0x00, 0x20, 
	0x00, 0x00, 0x1f, 0x07, 0xc0, 0x7b, 0xe0, 0x00, 0x00, 0x3e, 0xe1, 0x00, 0x00, 0x00, 0x00, 0x40, 
	0x00, 0x00, 0x1f, 0xff, 0xbf, 0xfb, 0xe0, 0x00, 0x00, 0x7e, 0xe1, 0x80, 0x00, 0x00, 0x00, 0x40, 
	0x00, 0x00, 0x1f, 0xff, 0x3f, 0xf7, 0xff, 0xff, 0xff, 0xfe, 0xe0, 0x80, 0x00, 0x00, 0x00, 0xc0, 
	0x00, 0x00, 0x0f, 0xfe, 0x3f, 0xe7, 0xff, 0xff, 0xff, 0xfc, 0xe0, 0xc0, 0x00, 0x00, 0x00, 0xc0, 
	0x00, 0x00, 0x00, 0x00, 0x00, 0x07, 0xff, 0xff, 0xff, 0xfd, 0xf0, 0xc0, 0x00, 0x00, 0x00, 0x80, 
	0x00, 0x00, 0x7f, 0xff, 0xff, 0xc3, 0xff, 0xff, 0xff, 0xf9, 0xf0, 0xc0, 0x00, 0x00, 0x01, 0x80, 
	0x00, 0x00, 0x7f, 0xff, 0xff, 0xe0, 0x00, 0x00, 0x00, 0x01, 0xf0, 0x60, 0x00, 0x00, 0x01, 0x80, 
	0x00, 0x00, 0xff, 0xff, 0xff, 0xe0, 0x00, 0x00, 0x00, 0x01, 0xf0, 0x60, 0x00, 0x00, 0x03, 0x80, 
	0x00, 0x00, 0x00, 0x1f, 0x03, 0xff, 0xff, 0xff, 0xff, 0xfb, 0xf8, 0x70, 0x00, 0x00, 0x03, 0x00, 
	0x00, 0x00, 0x00, 0x1f, 0x03, 0xdf, 0xff, 0xff, 0xff, 0xfb, 0xf8, 0x70, 0x00, 0x00, 0x07, 0x00, 
	0x00, 0x01, 0xff, 0xff, 0xff, 0xdf, 0xff, 0xff, 0xff, 0xf3, 0xf8, 0x38, 0x00, 0x00, 0x07, 0x00, 
	0x00, 0x01, 0xff, 0xff, 0xff, 0x9f, 0xff, 0xff, 0xff, 0xf3, 0xf8, 0x38, 0x00, 0x00, 0x07, 0x00, 
	0x00, 0x01, 0xff, 0xff, 0xff, 0x00, 0x00, 0x7c, 0x01, 0xf7, 0xf8, 0x38, 0x00, 0x00, 0x0e, 0x00, 
	0x00, 0x00, 0x00, 0x00, 0x00, 0x00, 0x00, 0xfc, 0x03, 0xf7, 0xfc, 0x3c, 0x00, 0x00, 0x0e, 0x00, 
	0x00, 0x01, 0xff, 0xff, 0xff, 0x80, 0x00, 0xff, 0xff, 0xe7, 0xfc, 0x1c, 0x00, 0x00, 0x1e, 0x00, 
	0x00, 0x03, 0xff, 0xff, 0xff, 0x00, 0x00, 0xff, 0xff, 0xe7, 0xfc, 0x1e, 0x00, 0x00, 0x1e, 0x00, 
	0x00, 0x07, 0xff, 0xff, 0xff, 0x00, 0x00, 0xff, 0xff, 0xcf, 0xfc, 0x1e, 0x00, 0x00, 0x1c, 0x00, 
	0x00, 0x07, 0xff, 0xff, 0xfe, 0x00, 0x00, 0x3f, 0xff, 0x8f, 0xfc, 0x1e, 0x00, 0x00, 0x3c, 0x00, 
	0x00, 0x0f, 0x80, 0x00, 0x00, 0x00, 0x00, 0x00, 0x00, 0x0f, 0xfe, 0x0f, 0xf0, 0x03, 0xfc, 0x00, 
	0x00, 0x0f, 0xff, 0xff, 0xfe, 0xff, 0xff, 0xff, 0xff, 0xcf, 0xfe, 0x0f, 0xf0, 0x07, 0xfc, 0x00, 
	0x00, 0x1f, 0xff, 0xff, 0xff, 0xff, 0xff, 0xff, 0xff, 0xdf, 0xfe, 0x0f, 0xf8, 0x07, 0xf8, 0x00, 
	0x00, 0x1f, 0xff, 0xff, 0xfd, 0xff, 0xff, 0xff, 0xff, 0xdf, 0xfe, 0x0f, 0xf8, 0x07, 0xf8, 0x00, 
	0x00, 0x00, 0x00, 0x00, 0x01, 0xff, 0xff, 0xff, 0xff, 0x9f, 0xff, 0x00, 0xf8, 0x07, 0x80, 0x00, 
	0x00, 0x0f, 0xff, 0xff, 0xf3, 0xf0, 0x07, 0xe0, 0x0f, 0x9f, 0xff, 0x00, 0x38, 0x07, 0x00, 0x00, 
	0x00, 0x3f, 0xff, 0xff, 0xfb, 0xf0, 0x07, 0xe0, 0x1f, 0xbf, 0xff, 0x00, 0x38, 0x0f, 0x00, 0x00, 
	0x00, 0x3f, 0xff, 0xff, 0xfb, 0xe0, 0x07, 0xc0, 0x1f, 0xbf, 0xff, 0x00, 0x38, 0x0e, 0x00, 0x00, 
	0x00, 0x7f, 0xff, 0xff, 0xff, 0xe0, 0x07, 0xc0, 0x1f, 0x3f, 0xff, 0x00, 0x18, 0x0e, 0x00, 0x00, 
	0x00, 0x7c, 0x00, 0x00, 0xf7, 0xe0, 0x0f, 0xc0, 0x1f, 0x3f, 0xff, 0x80, 0x1c, 0x0c, 0x00, 0x00, 
	0x00, 0xff, 0xf0, 0x7f, 0xf0, 0x00, 0x00, 0x00, 0x00, 0x7f, 0xff, 0xe0, 0x1c, 0x0c, 0x00, 0x00, 
	0x00, 0xff, 0xf0, 0xff, 0xf7, 0xff, 0xff, 0xff, 0xfe, 0x7f, 0xff, 0xf0, 0x0c, 0x0c, 0x00, 0x00, 
	0x00, 0x7f, 0xe0, 0xff, 0xcf, 0xff, 0xff, 0xff, 0xfe, 0x7f, 0xff, 0xf0, 0x0c, 0x08, 0x00, 0x00, 
	0x00, 0x00, 0x00, 0x00, 0x0f, 0xff, 0xff, 0xff, 0xfe, 0x7f, 0xff, 0xf8, 0x04, 0x18, 0x00, 0x00, 
	0x01, 0xff, 0xff, 0xff, 0xcf, 0xff, 0xff, 0xff, 0xfe, 0xff, 0xff, 0xfc, 0x04, 0x18, 0x00, 0x00, 
	0x03, 0xff, 0xff, 0xff, 0xe0, 0x00, 0x00, 0x00, 0x7e, 0xff, 0xff, 0xfc, 0x04, 0x10, 0x00, 0x00, 
	0x03, 0xff, 0xff, 0xff, 0xc0, 0x00, 0x00, 0x00, 0x7c, 0xff, 0xff, 0xfe, 0x00, 0x10, 0x00, 0x00, 
	0x03, 0xff, 0xff, 0xff, 0xdf, 0xff, 0xff, 0xff, 0xfc, 0xff, 0xff, 0xfe, 0x00, 0x00, 0x00, 0x00, 
	0x07, 0xc0, 0x7c, 0x07, 0xff, 0xff, 0xff, 0xff, 0xfd, 0xff, 0xff, 0xfe, 0x00, 0xf0, 0x00, 0x00, 
	0x07, 0xc0, 0x7c, 0x0f, 0xbf, 0xff, 0xff, 0xff, 0xf9, 0xff, 0xff, 0xff, 0x01, 0xf8, 0x00, 0x00, 
	0x07, 0x80, 0x7c, 0x0f, 0xbf, 0xff, 0xff, 0xff, 0xf1, 0xff, 0xff, 0xff, 0xff, 0xfc, 0x00, 0x00, 
	0x07, 0x80, 0x78, 0x0f, 0x00, 0x00, 0x00, 0x00, 0x01, 0xff, 0xff, 0xff, 0xff, 0xfc, 0x00, 0x00, 
	0x00, 0x00, 0x00, 0x00, 0x00, 0x00, 0x00, 0x00, 0x01, 0xff, 0xff, 0xff, 0xff, 0xfc, 0x00, 0x00, 
	0x0f, 0xff, 0xff, 0xff, 0xff, 0xff, 0xff, 0xf7, 0xe1, 0xff, 0xff, 0xff, 0xff, 0xfc, 0x00, 0x00, 
	0x07, 0xff, 0xff, 0xff, 0xff, 0xff, 0xff, 0xf7, 0xf1, 0xff, 0xff, 0xff, 0x01, 0xf8, 0x00, 0x00, 
	0x07, 0xff, 0xff, 0xff, 0xff, 0xff, 0xff, 0xfb, 0xf9, 0xff, 0xff, 0xfe, 0x00, 0xf0, 0x00, 0x00, 
	0x07, 0xff, 0xff, 0xff, 0xff, 0xff, 0x07, 0xfb, 0x0d, 0xff, 0xff, 0xfe, 0x00, 0x00, 0x00, 0x00, 
	0x03, 0xff, 0xff, 0xff, 0xff, 0xf1, 0xfc, 0x7b, 0x9c, 0xff, 0xff, 0xfe, 0x00, 0x00, 0x00, 0x00, 
	0x03, 0xff, 0xc0, 0x07, 0xff, 0xcf, 0xff, 0x9b, 0xfc, 0xff, 0xff, 0xfc, 0x02, 0x10, 0x00, 0x00, 
	0x01, 0xff, 0x9f, 0xfb, 0xff, 0x9f, 0xff, 0xed, 0xfe, 0xff, 0xff, 0xfc, 0x04, 0x10, 0x00, 0x00, 
	0x01, 0xff, 0x7f, 0xfd, 0xff, 0x78, 0x01, 0xf5, 0xfe, 0xff, 0xff, 0xf8, 0x04, 0x18, 0x00, 0x00, 
	0x01, 0xff, 0x78, 0x05, 0xfe, 0x70, 0x00, 0xf9, 0xfe, 0x7f, 0xff, 0xf8, 0x04, 0x18, 0x00, 0x00, 
	0x00, 0xff, 0x70, 0x00, 0xfe, 0xe0, 0x00, 0x79, 0xfe, 0x7f, 0xff, 0xf0, 0x0c, 0x08, 0x00, 0x00, 
	0x00, 0xff, 0x70, 0x00, 0xfe, 0xe0, 0x00, 0x7c, 0xc7, 0x7f, 0xff, 0xe0, 0x0c, 0x0c, 0x00, 0x00, 
	0x00, 0xff, 0x70, 0x00, 0xfe, 0xf0, 0x00, 0xfc, 0xff, 0x7f, 0xff, 0xc0, 0x1c, 0x0c, 0x00, 0x00, 
	0x00, 0x7f, 0xb8, 0x00, 0x7e, 0xfc, 0x03, 0xfa, 0xff, 0x3f, 0xff, 0x80, 0x1c, 0x0c, 0x00, 0x00, 
	0x00, 0x7f, 0xbf, 0xff, 0x7e, 0xff, 0xff, 0xfa, 0xff, 0x3f, 0xff, 0x80, 0x18, 0x0e, 0x00, 0x00, 
	0x00, 0x3f, 0xbf, 0xff, 0x7f, 0x7f, 0xff, 0xf3, 0x7f, 0xbf, 0xff, 0x00, 0x38, 0x0e, 0x00, 0x00, 
	0x00, 0x3f, 0xd8, 0x00, 0x3f, 0x3f, 0xff, 0xe7, 0x7f, 0xbf, 0xff, 0x00, 0x38, 0x0f, 0x00, 0x00, 
	0x00, 0x3f, 0xdc, 0x00, 0x3f, 0xdf, 0xff, 0xcf, 0x71, 0x9f, 0xff, 0x00, 0x38, 0x07, 0x00, 0x00, 
	0x00, 0x1f, 0xdc, 0x00, 0x3f, 0xe7, 0xff, 0x3f, 0xff, 0xdf, 0xff, 0x00, 0xf8, 0x07, 0x80, 0x00, 
	0x00, 0x1f, 0xec, 0x00, 0x1f, 0xf8, 0x00, 0xff, 0xbf, 0xdf, 0xff, 0x0f, 0xf8, 0x07, 0xf8, 0x00, 
	0x00, 0x0f, 0xef, 0xff, 0xdf, 0xc0, 0x00, 0x00, 0x3f, 0xdf, 0xfe, 0x0f, 0xf8, 0x07, 0xf8, 0x00, 
	0x00, 0x0f, 0xf7, 0xff, 0xdf, 0xbf, 0xff, 0xff, 0xff, 0xcf, 0xfe, 0x0f, 0xf0, 0x07, 0xfc, 0x00, 
	0x00, 0x0f, 0xf6, 0x00, 0x0f, 0xbf, 0xff, 0xff, 0xff, 0xef, 0xfe, 0x0f, 0xf0, 0x03, 0xfc, 0x00, 
	0x00, 0x07, 0xf7, 0x00, 0x0f, 0xbe, 0xfe, 0xfe, 0xfd, 0xef, 0xfe, 0x1e, 0x00, 0x00, 0x3c, 0x00, 
	0x00, 0x07, 0xfb, 0x00, 0x0f, 0xdc, 0x3c, 0x7c, 0x78, 0x6f, 0xfc, 0x1e, 0x00, 0x00, 0x1c, 0x00, 
	0x00, 0x07, 0xfb, 0x80, 0x0f, 0xdf, 0xff, 0xff, 0xff, 0xe7, 0xfc, 0x1e, 0x00, 0x00, 0x1e, 0x00, 
	0x00, 0x03, 0xfb, 0xff, 0xf7, 0xdf, 0xff, 0xff, 0xff, 0xf7, 0xfc, 0x1c, 0x00, 0x00, 0x1e, 0x00, 
	0x00, 0x03, 0xfd, 0xff, 0xf7, 0xe0, 0x00, 0x00, 0x0f, 0xf7, 0xfc, 0x3c, 0x00, 0x00, 0x0e, 0x00, 
	0x00, 0x01, 0xfd, 0xc0, 0x07, 0xff, 0xe0, 0x01, 0xef, 0xf7, 0xfc, 0x38, 0x00, 0x00, 0x0e, 0x00, 
	0x00, 0x01, 0xfd, 0xc0, 0x03, 0xff, 0xcf, 0xfc, 0xee, 0x33, 0xf8, 0x38, 0x00, 0x00, 0x07, 0x00, 
	0x00, 0x01, 0xfe, 0xc0, 0x03, 0xff, 0x3f, 0xff, 0x2e, 0x3b, 0xf8, 0x30, 0x00, 0x00, 0x07, 0x00, 
	0x00, 0x00, 0xfe, 0xe0, 0x03, 0xfe, 0x7c, 0x1f, 0xc7, 0xfb, 0xf8, 0x70, 0x00, 0x00, 0x07, 0x00, 
	0x00, 0x00, 0xfe, 0xff, 0xfd, 0xfe, 0xe0, 0x03, 0xe7, 0xfb, 0xf8, 0x70, 0x00, 0x00, 0x03, 0x00, 
	0x00, 0x00, 0xff, 0x7f, 0xfd, 0xfd, 0xc0, 0x01, 0xe7, 0xf9, 0xf0, 0x60, 0x00, 0x00, 0x03, 0x80, 
	0x00, 0x00, 0x7f, 0x70, 0x01, 0xfd, 0xc0, 0x01, 0xe3, 0xfd, 0xf0, 0x60, 0x00, 0x00, 0x01, 0x80, 
	0x00, 0x00, 0x7f, 0xb0, 0x02, 0xfd, 0xe0, 0x03, 0xf3, 0xfd, 0xf0, 0xc0, 0x00, 0x00, 0x01, 0x80, 
	0x00, 0x00, 0x3f, 0xb8, 0x06, 0xfd, 0xf8, 0x0f, 0xeb, 0x0d, 0xf0, 0xc0, 0x00, 0x00, 0x00, 0x80, 
	0x00, 0x00, 0x3f, 0xbf, 0xfe, 0xfd, 0xff, 0xff, 0xeb, 0xfc, 0xf0, 0xc0, 0x00, 0x00, 0x00, 0xc0, 
	0x00, 0x00, 0x3f, 0xdf, 0xfe, 0xfe, 0xff, 0xff, 0xdd, 0xfe, 0xe0, 0x80, 0x00, 0x00, 0x00, 0xc0, 
	0x00, 0x00, 0x1f, 0xcf, 0xfd, 0xff, 0x7f, 0xff, 0x9d, 0xfe, 0xe1, 0x80, 0x00, 0x00, 0x00, 0x40, 
	0x00, 0x00, 0x1f, 0xf0, 0x03, 0xff, 0x9f, 0xff, 0x7d, 0xfe, 0xe1, 0x00, 0x00, 0x00, 0x00, 0x40, 
	0x00, 0x00, 0x0f, 0xff, 0xff, 0xff, 0xc7, 0xf8, 0xfd, 0xfe, 0x61, 0x00, 0x00, 0x00, 0x00, 0x20, 
	0x00, 0x00, 0x0f, 0xff, 0xff, 0xff, 0xf8, 0x07, 0xfe, 0xc7, 0x60, 0x00, 0x00, 0x00, 0x00, 0x20, 
	0x00, 0x00, 0x07, 0xff, 0xff, 0xff, 0xff, 0xff, 0xfe, 0xff, 0x40, 0x00, 0x00, 0x00, 0x00, 0x00, 
	0x00, 0x00, 0x01, 0xff, 0xff, 0xff, 0xff, 0xff, 0xfe, 0xff, 0x00, 0x00, 0x00, 0x00, 0x00, 0x00, 
	0x00, 0x00, 0x00, 0x00, 0x00, 0x00, 0x00, 0x00, 0x00, 0x00, 0x00, 0x00, 0x00, 0x00, 0x00, 0x00, 
	0x00, 0x00, 0x00, 0x00, 0x00, 0x00, 0x00, 0x00, 0x00, 0x00, 0x00, 0x00, 0x00, 0x00, 0x00, 0x00, 
	0x00, 0x00, 0x00, 0x00, 0x00, 0x00, 0x00, 0x00, 0x00, 0x00, 0x00, 0x00, 0x00, 0x00, 0x00, 0x00, 
	0x00, 0x00, 0x00, 0x00, 0x00, 0x00, 0x00, 0x00, 0x00, 0x00, 0x00, 0x00, 0x00, 0x00, 0x00, 0x00, 
	0x00, 0x00, 0x00, 0x00, 0x00, 0x00, 0x00, 0x00, 0x00, 0x00, 0x00, 0x00, 0x00, 0x00, 0x00, 0x00, 
	0x00, 0x00, 0x00, 0x00, 0x00, 0x00, 0x00, 0x00, 0x00, 0x00, 0x00, 0x00, 0x00, 0x00, 0x00, 0x00, 
	0x00, 0x00, 0x00, 0x00, 0x00, 0x00, 0x00, 0x00, 0x00, 0x00, 0x00, 0x00, 0x00, 0x00, 0x00, 0x00, 
	0x00, 0x00, 0x00, 0x00, 0x00, 0x00, 0x00, 0x00, 0x00, 0x00, 0x00, 0x00, 0x00, 0x00, 0x00, 0x00, 
	0x00, 0x00, 0x00, 0x00, 0x00, 0x00, 0x00, 0x00, 0x00, 0x00, 0x00, 0x00, 0x00, 0x00, 0x00, 0x00, 
	0x00, 0x00, 0x00, 0x00, 0x00, 0x00, 0x00, 0x10, 0x00, 0x00, 0x00, 0x00, 0x00, 0x00, 0x00, 0x00, 
	0x00, 0x00, 0x00, 0x00, 0x00, 0xfc, 0x00, 0x3c, 0x00, 0x00, 0x00, 0x00, 0x00, 0x00, 0x00, 0x00, 
	0x00, 0x00, 0x00, 0x00, 0x00, 0xfc, 0x00, 0x3e, 0x00, 0x00, 0x00, 0x00, 0x00, 0x00, 0x00, 0x00, 
	0x00, 0x00, 0x00, 0x00, 0x00, 0xfe, 0x00, 0x7f, 0x00, 0x00, 0x00, 0x00, 0x00, 0x00, 0x00, 0x00, 
	0x00, 0x00, 0x00, 0x00, 0x00, 0xff, 0x00, 0x7f, 0x80, 0x00, 0x00, 0x00, 0x00, 0x00, 0x00, 0x00, 
	0x00, 0x00, 0x00, 0x00, 0x00, 0xff, 0x80, 0xff, 0x80, 0x00, 0x00, 0x00, 0x00, 0x00, 0x00, 0x00, 
	0x00, 0x00, 0x00, 0x00, 0x00, 0xff, 0x80, 0x7f, 0xc0, 0x00, 0x00, 0x00, 0x00, 0x00, 0x00, 0x00, 
	0x00, 0x00, 0x00, 0x00, 0x00, 0xff, 0xc0, 0x1f, 0xc0, 0x00, 0x00, 0x00, 0x00, 0x00, 0x00, 0x00, 
	0x00, 0x00, 0x00, 0x00, 0x00, 0xff, 0xe0, 0x1f, 0xc0, 0x00, 0x00, 0x00, 0x00, 0x00, 0x00, 0x00, 
	0x00, 0x00, 0x00, 0x00, 0x00, 0xff, 0xf0, 0x0f, 0xc0, 0x00, 0x00, 0x00, 0x00, 0x00, 0x00, 0x00, 
	0x00, 0x00, 0x00, 0x00, 0x00, 0xff, 0xf8, 0x0f, 0xc0, 0x00, 0x00, 0x00, 0x00, 0x00, 0x00, 0x00, 
	0x00, 0x00, 0x00, 0x00, 0x00, 0xff, 0xfc, 0x0f, 0xc0, 0x00, 0x00, 0x00, 0x00, 0x00, 0x00, 0x00, 
	0x00, 0x00, 0x00, 0x00, 0x00, 0xff, 0xfe, 0x0f, 0xc0, 0x00, 0x00, 0x00, 0x00, 0x00, 0x00, 0x00, 
	0x00, 0x00, 0x00, 0x00, 0x00, 0xfd, 0xff, 0xbf, 0xc0, 0x00, 0x00, 0x00, 0x00, 0x00, 0x00, 0x00, 
	0x00, 0x00, 0x00, 0x00, 0x00, 0xfc, 0xff, 0xff, 0xc0, 0x00, 0x00, 0x00, 0x00, 0x00, 0x00, 0x00, 
	0x00, 0x00, 0x00, 0x00, 0x00, 0xfc, 0x7f, 0xff, 0xc0, 0x00, 0x00, 0x00, 0x00, 0x00, 0x00, 0x00, 
	0x00, 0x00, 0x00, 0x00, 0x00, 0xfc, 0x7f, 0xff, 0x80, 0x00, 0x00, 0x00, 0x00, 0x00, 0x00, 0x00, 
	0x00, 0x00, 0x00, 0x00, 0x00, 0xfc, 0x1f, 0xff, 0x00, 0x00, 0x00, 0x00, 0x00, 0x00, 0x00, 0x00, 
	0x00, 0x00, 0x00, 0x00, 0x00, 0xfc, 0x0f, 0xff, 0x00, 0x00, 0x00, 0x00, 0x00, 0x00, 0x00, 0x00, 
	0x00, 0x00, 0x00, 0x00, 0x00, 0xfc, 0x07, 0xfc, 0x00, 0x00, 0x00, 0x00, 0x00, 0x00, 0x00, 0x00, 
	0x00, 0x00, 0x00, 0x00, 0x00, 0x78, 0x00, 0xf0, 0x00, 0x00, 0x00, 0x00, 0x00, 0x00, 0x00, 0x00, 
	0x00, 0x00, 0x00, 0x00, 0x00, 0x00, 0x00, 0x00, 0x00, 0x00, 0x00, 0x00, 0x00, 0x00, 0x00, 0x00, 
	0x00, 0x00, 0x00, 0x00, 0x00, 0x00, 0x00, 0x00, 0x00, 0x00, 0x00, 0x00, 0x00, 0x00, 0x00, 0x00, 
	0x00, 0x00, 0x00, 0x00, 0x00, 0x03, 0xf8, 0x00, 0x00, 0x00, 0x00, 0x00, 0x00, 0x00, 0x00, 0x00, 
	0x00, 0x00, 0x00, 0x00, 0x00, 0x0f, 0xfe, 0x00, 0x00, 0x00, 0x00, 0x00, 0x00, 0x00, 0x00, 0x00, 
	0x00, 0x00, 0x00, 0x00, 0x00, 0x3f, 0xff, 0x80, 0x00, 0x00, 0x00, 0x00, 0x00, 0x00, 0x00, 0x00, 
	0x00, 0x00, 0x00, 0x00, 0x00, 0x7f, 0xff, 0xc0, 0x00, 0x00, 0x00, 0x00, 0x00, 0x00, 0x00, 0x00, 
	0x00, 0x00, 0x00, 0x00, 0x00, 0x7f, 0xff, 0xf0, 0x00, 0x00, 0x00, 0x00, 0x00, 0x00, 0x00, 0x00, 
	0x00, 0x00, 0x00, 0x00, 0x00, 0xff, 0xff, 0xf8, 0x00, 0x00, 0x00, 0x00, 0x00, 0x00, 0x00, 0x00, 
	0x00, 0x00, 0x00, 0x00, 0x00, 0xff, 0xff, 0xfc, 0x00, 0x00, 0x00, 0x00, 0x00, 0x00, 0x00, 0x00, 
	0x00, 0x00, 0x00, 0x00, 0x00, 0xfc, 0x1f, 0xfe, 0x00, 0x00, 0x00, 0x00, 0x00, 0x00, 0x00, 0x00, 
	0x00, 0x00, 0x00, 0x00, 0x01, 0xfc, 0x1f, 0xff, 0x00, 0x00, 0x00, 0x00, 0x00, 0x00, 0x00, 0x00, 
	0x00, 0x00, 0x00, 0x00, 0x01, 0xf8, 0x0f, 0xff, 0xc0, 0x00, 0x00, 0x00, 0x00, 0x00, 0x00, 0x00, 
	0x00, 0x00, 0x00, 0x00, 0x01, 0xf8, 0x0f, 0xff, 0xc0, 0x00, 0x00, 0x00, 0x00, 0x00, 0x00, 0x00, 
	0x00, 0x00, 0x00, 0x00, 0x00, 0xfc, 0x1f, 0xff, 0xc0, 0x00, 0x00, 0x00, 0x00, 0x00, 0x00, 0x00, 
	0x00, 0x00, 0x00, 0x00, 0x00, 0xfe, 0x1f, 0x8f, 0xc0, 0x00, 0x00, 0x00, 0x00, 0x00, 0x00, 0x00, 
	0x00, 0x00, 0x00, 0x00, 0x00, 0xff, 0xff, 0x87, 0xc0, 0x00, 0x00, 0x00, 0x00, 0x00, 0x00, 0x00, 
	0x00, 0x00, 0x00, 0x00, 0x00, 0xff, 0xff, 0x83, 0xc0, 0x00, 0x00, 0x00, 0x00, 0x00, 0x00, 0x00, 
	0x00, 0x00, 0x00, 0x00, 0x00, 0x7f, 0xff, 0x01, 0xc0, 0x00, 0x00, 0x00, 0x00, 0x00, 0x00, 0x00, 
	0x00, 0x00, 0x00, 0x00, 0x00, 0x3f, 0xff, 0x00, 0xc0, 0x00, 0x00, 0x00, 0x00, 0x00, 0x00, 0x00, 
	0x00, 0x00, 0x00, 0x00, 0x00, 0x1f, 0xfe, 0x00, 0x00, 0x00, 0x00, 0x00, 0x00, 0x00, 0x00, 0x00, 
	0x00, 0x00, 0x00, 0x00, 0x00, 0x0f, 0xfc, 0x00, 0x00, 0x00, 0x00, 0x00, 0x00, 0x00, 0x00, 0x00, 
	0x00, 0x00, 0x00, 0x00, 0x00, 0x03, 0xf0, 0x00, 0x00, 0x00, 0x00, 0x00, 0x00, 0x00, 0x00, 0x00, 
	0x00, 0x00, 0x00, 0x00, 0x00, 0x00, 0x00, 0x00, 0x00, 0x00, 0x00, 0x00, 0x00, 0x00, 0x00, 0x00, 
	0x00, 0x00, 0x00, 0x00, 0x00, 0x00, 0x00, 0x00, 0x00, 0x00, 0x00, 0x00, 0x00, 0x00, 0x00, 0x00, 
	0x00, 0x00, 0x00, 0x00, 0x00, 0x00, 0x00, 0x00, 0x00, 0x00, 0x00, 0x00, 0x00, 0x00, 0x00, 0x00, 
	0x00, 0x00, 0x00, 0x00, 0x00, 0x00, 0x00, 0x00, 0x00, 0x00, 0x00, 0x00, 0x00, 0x00, 0x00, 0x00, 
	0x00, 0x00, 0x00, 0x00, 0x00, 0x00, 0x00, 0x00, 0x00, 0x00, 0x00, 0x00, 0x00, 0x00, 0x00, 0x00, 
	0x00, 0x00, 0x00, 0x00, 0x00, 0x00, 0x00, 0x00, 0x00, 0x00, 0x00, 0x00, 0x00, 0x00, 0x00, 0x00, 
	0x00, 0x00, 0x00, 0x00, 0x00, 0x00, 0x00, 0x00, 0x00, 0x00, 0x00, 0x00, 0x00, 0x00, 0x00, 0x00, 
	0x00, 0x00, 0x00, 0x00, 0x00, 0x00, 0x00, 0x00, 0x00, 0x00, 0x00, 0x00, 0x00, 0x00, 0x00, 0x00, 
	0x00, 0x00, 0x00, 0x00, 0x00, 0x00, 0x00, 0x00, 0x00, 0x00, 0x00, 0x00, 0x00, 0x00, 0x00, 0x00, 
	0x00, 0x00, 0x00, 0x00, 0x00, 0x00, 0x00, 0x00, 0x00, 0x00, 0x00, 0x00, 0x00, 0x00, 0x00, 0x00, 
	0x00, 0x00, 0x00, 0x00, 0x00, 0x00, 0x00, 0x00, 0x00, 0x00, 0x00, 0x00, 0x00, 0x00, 0x00, 0x00, 
	0x00, 0x00, 0x00, 0x00, 0x00, 0x00, 0x00, 0x00, 0x00, 0x00, 0x00, 0x00, 0x00, 0x00, 0x00, 0x00, 
	0x00, 0x00, 0x00, 0x00, 0x00, 0x00, 0x00, 0x00, 0x00, 0x00, 0x00, 0x00, 0x00, 0x00, 0x00, 0x00, 
	0x00, 0x00, 0x00, 0x00, 0x00, 0x00, 0x00, 0x00, 0x00, 0x00, 0x00, 0x00, 0x00, 0x00, 0x00, 0x00, 
	0x00, 0x00, 0x00, 0x00, 0x00, 0x00, 0x00, 0x00, 0x00, 0x00, 0x00, 0x00, 0x00, 0x00, 0x00, 0x00, 
	0x00, 0x00, 0x00, 0x00, 0x00, 0x00, 0x00, 0x00, 0x00, 0x00, 0x00, 0x00, 0x00, 0x00, 0x00, 0x00, 
	0x00, 0x00, 0x00, 0x00, 0x00, 0x00, 0x00, 0x00, 0x00, 0x00, 0x00, 0x00, 0x00, 0x00, 0x00, 0x00, 
	0x00, 0x00, 0x00, 0x00, 0x00, 0x00, 0x00, 0x00, 0x00, 0x00, 0x00, 0x00, 0x00, 0x00, 0x00, 0x00, 
	0x00, 0x00, 0x00, 0x00, 0x00, 0x00, 0x00, 0x00, 0x00, 0x00, 0x00, 0x00, 0x00, 0x00, 0x00, 0x00, 
	0x00, 0x00, 0x00, 0x00, 0x00, 0x00, 0x00, 0x00, 0x00, 0x00, 0x00, 0x00, 0x00, 0x00, 0x00, 0x00, 
	0x00, 0x00, 0x00, 0x00, 0x00, 0x00, 0x00, 0x00, 0x00, 0x00, 0x00, 0x00, 0x00, 0x00, 0x00, 0x00, 
	0x00, 0x00, 0x00, 0x00, 0x00, 0x00, 0x00, 0x00, 0x00, 0x00, 0x00, 0x00, 0x00, 0x00, 0x00, 0x00, 
	0x00, 0x00, 0x00, 0x00, 0x00, 0x00, 0x00, 0x00, 0x00, 0x00, 0x00, 0x00, 0x00, 0x00, 0x00, 0x00, 
	0x00, 0x00, 0x00, 0x00, 0x00, 0x00, 0x00, 0x00, 0x00, 0x00, 0x00, 0x00, 0x00, 0x00, 0x00, 0x00, 
	0x00, 0x00, 0x00, 0x00, 0x00, 0x00, 0x00, 0x00, 0x00, 0x00, 0x00, 0x00, 0x00, 0x00, 0x00, 0x00, 
	0x00, 0x00, 0x00, 0x00, 0x00, 0x00, 0x00, 0x00, 0x00, 0x00, 0x00, 0x00, 0x00, 0x00, 0x00, 0x00, 
	0x00, 0x00, 0x00, 0x00, 0x00, 0x00, 0x00, 0x00, 0x00, 0x00, 0x00, 0x00, 0x00, 0x00, 0x00, 0x00, 
	0x00, 0x00, 0x00, 0x00, 0x00, 0x00, 0x00, 0x00, 0x00, 0x00, 0x00, 0x00, 0x00, 0x00, 0x00, 0x00, 
	0x00, 0x00, 0x00, 0x00, 0x00, 0x00, 0x00, 0x00, 0x00, 0x00, 0x00, 0x00, 0x00, 0x00, 0x00, 0x00, 
	0x00, 0x00, 0x00, 0x00, 0x00, 0x00, 0x00, 0x00, 0x00, 0x00, 0x00, 0x00, 0x00, 0x00, 0x00, 0x00, 
	0x00, 0x00, 0x00, 0x00, 0x00, 0x00, 0x00, 0x00, 0x00, 0x00, 0x00, 0x00, 0x00, 0x00, 0x00, 0x00, 
	0x00, 0x00, 0x00, 0x00, 0x00, 0x00, 0x00, 0x00, 0x00, 0x00, 0x00, 0x00, 0x00, 0x00, 0x00, 0x00, 
	0x00, 0x00, 0x00, 0x00, 0x00, 0x00, 0x00, 0x00, 0x00, 0x00, 0x00, 0x00, 0x00, 0x00, 0x00, 0x00, 
	0x00, 0x00, 0x00, 0x00, 0x00, 0x00, 0x00, 0x00, 0x00, 0x00, 0x00, 0x00, 0x00, 0x00, 0x00, 0x00, 
	0x00, 0x00, 0x00, 0x00, 0x00, 0x00, 0x00, 0x00, 0x00, 0x00, 0x00, 0x00, 0x00, 0x00, 0x00, 0x00, 
	0x00, 0x00, 0x00, 0x00, 0x00, 0x00, 0x00, 0x00, 0x00, 0x00, 0x00, 0x00, 0x00, 0x00, 0x00, 0x00, 
	0x00, 0x00, 0x00, 0x00, 0x00, 0x00, 0x00, 0x00, 0x00, 0x00, 0x00, 0x00, 0x00, 0x00, 0x00, 0x00, 
	0x00, 0x00, 0x00, 0x00, 0x00, 0x00, 0x00, 0x00, 0x00, 0x00, 0x00, 0x00, 0x00, 0x00, 0x00, 0x00, 
	0x00, 0x00, 0x00, 0x00, 0x00, 0x00, 0x00, 0x00, 0x00, 0x00, 0x00, 0x00, 0x00, 0x00, 0x00, 0x00, 
	0x00, 0x00, 0x00, 0x00, 0x00, 0x00, 0x00, 0x00, 0x00, 0x00, 0x00, 0x00, 0x00, 0x00, 0x00, 0x00, 
	0x00, 0x00, 0x00, 0x00, 0x00, 0x00, 0x00, 0x00, 0x00, 0x00, 0x00, 0x00, 0x00, 0x00, 0x00, 0x00, 
	0x00, 0x00, 0x00, 0x00, 0x00, 0x00, 0x00, 0x00, 0x00, 0x00, 0x00, 0x00, 0x00, 0x00, 0x00, 0x00, 
	0x00, 0x00, 0x00, 0x00, 0x00, 0x00, 0x00, 0x00, 0x00, 0x00, 0x00, 0x00, 0x00, 0x00, 0x00, 0x00, 
	0x00, 0x00, 0x00, 0x00, 0x00, 0x00, 0x00, 0x00, 0x00, 0x00, 0x00, 0x00, 0x00, 0x00, 0x00, 0x00, 
	0x00, 0x00, 0x00, 0x00, 0x00, 0x00, 0x00, 0x00, 0x00, 0x00, 0x00, 0x00, 0x00, 0x00, 0x00, 0x00, 
	0x00, 0x00, 0x00, 0x00, 0x00, 0x00, 0x00, 0x00, 0x00, 0x00, 0x00, 0x00, 0x00, 0x00, 0x00, 0x00, 
	0x00, 0x00, 0x00, 0x00, 0x00, 0x00, 0x00, 0x00, 0x00, 0x00, 0x00, 0x00, 0x00, 0x00, 0x00, 0x00, 
	0x00, 0x00, 0x00, 0x00, 0x00, 0x00, 0x00, 0x00, 0x00, 0x00, 0x00, 0x00, 0x00, 0x00, 0x00, 0x00, 
	0x00, 0x00, 0x00, 0x00, 0x00, 0x00, 0x00, 0x00, 0x00, 0x00, 0x00, 0x00, 0x00, 0x00, 0x00, 0x00
};

